Release_Year,EventGroup_strTitle,Event_dtmReleaseDate
2013,Hansel And Gretel Witch Hunters,01/01/2013 00:00:00
2013,7 Days In Slow Motion,04/01/2013 00:00:00
2013,Chinese Zodiac,04/01/2013 00:00:00
2013,The Impossible,04/01/2013 00:00:00
2013,Tropical Races 3,04/01/2013 00:00:00
2013,Universal Soldier: Day Of Reckoning,04/01/2013 00:00:00
2013,Comic Vampire,05/01/2013 00:00:00
2013,Dinosaur Reappearance,05/01/2013 00:00:00
2013,Roller Coaster & Dinosaur Adventure,05/01/2013 00:00:00
2013,Gangster Squad,11/01/2013 00:00:00
2013,Les Miserables.,11/01/2013 00:00:00
2013,Promised Land,11/01/2013 00:00:00
2013,Broken City,18/01/2013 00:00:00
2013,The Last Stand,18/01/2013 00:00:00
2013,This Is 40,22/01/2013 00:00:00
2013,End of Watch,25/01/2013 00:00:00
2013,Dance Of Death,30/01/2013 00:00:00
2013,Strange Stories & Dinosaur Reappearance,30/01/2013 00:00:00
2013,Bullet To The Head ,01/02/2013 00:00:00
2013,Here Comes the Boom,01/02/2013 00:00:00
2013,Midnight's Children,01/02/2013 00:00:00
2013,Parker,01/02/2013 00:00:00
2013,Argo,02/02/2013 00:00:00
2013,Lincoln,08/02/2013 00:00:00
2013,Mama,08/02/2013 00:00:00
2013,Beautiful Creatures,13/02/2013 00:00:00
2013,Forest Adventure & Ice Fighter,15/02/2013 00:00:00
2013,Forest Adventure & Roller Coaster,15/02/2013 00:00:00
2013,Ice Fighter & Roller Coaster,15/02/2013 00:00:00
2013,The Perks Of Being A Wallflower,15/02/2013 00:00:00
2013,Zero Dark Thirty,15/02/2013 00:00:00
2013,A Good Day To Die Hard,22/02/2013 00:00:00
2013,Dark Skies,22/02/2013 00:00:00
2013,Silver Linings Playbook,22/02/2013 00:00:00
2013,Pinocchio,24/02/2013 00:00:00
2013,Flight,01/03/2013 00:00:00
2013,Haunted Graves + Night With Toys,01/03/2013 00:00:00
2013,Jack The Giant Slayer ,01/03/2013 00:00:00
2013,Night At Toy Store + Roller Coaster,01/03/2013 00:00:00
2013,Pharaoh Queen +Time Machine,01/03/2013 00:00:00
2013,Predator Attack + Prehistoric Adventure,01/03/2013 00:00:00
2013,Rescue And Path Finder Snow,01/03/2013 00:00:00
2013,Dandelion,03/03/2013 00:00:00
2013,Prehistoric Adventure + Night With Toys,05/03/2013 00:00:00
2013,21 & Over,08/03/2013 00:00:00
2013,All I Want Is Everything,08/03/2013 00:00:00
2013,Flying Swords of Dragon Gate ,08/03/2013 00:00:00
2013,Oz The Great And Powerful  ,08/03/2013 00:00:00
2013,Snitch,08/03/2013 00:00:00
2013,Zarafa,14/03/2013 00:00:00
2013,Texas Chainsaw,15/03/2013 00:00:00
2013,The Incredible Burt Wonderstone,15/03/2013 00:00:00
2013,The Master,15/03/2013 00:00:00
2013,Identity Thief,22/03/2013 00:00:00
2013,Olympus Has Fallen,22/03/2013 00:00:00
2013,The Adventures of Sinbad,22/03/2013 00:00:00
2013,Warm Bodies ,23/03/2013 00:00:00
2013,G.I. Joe: Retaliation,27/03/2013 00:00:00
2013,Django Unchained,29/03/2013 00:00:00
2013,Saint Dracula,29/03/2013 00:00:00
2013,Ride In The Mines + Ice Fighter Combo,01/04/2013 00:00:00
2013,Jurassic Park ,05/04/2013 00:00:00
2013,The Call,05/04/2013 00:00:00
2013,Fists of Legend,12/04/2013 00:00:00
2013,Oblivion,12/04/2013 00:00:00
2013,The Place Beyond the Pines,12/04/2013 00:00:00
2013,Bloody Road And Ice fighter,13/04/2013 00:00:00
2013,Bloody Road And Roller Coaster,13/04/2013 00:00:00
2013,Predator Attack And Forest Adventure,13/04/2013 00:00:00
2013,Java Heat,17/04/2013 00:00:00
2013,Escape from Planet Earth,18/04/2013 00:00:00
2013,Lessons in Forgetting,19/04/2013 00:00:00
2013,Scary Movie 5,19/04/2013 00:00:00
2013,The Croods ,19/04/2013 00:00:00
2013,The Host,19/04/2013 00:00:00
2013,Admission,22/04/2013 00:00:00
2013,King Kong + Prehistoric Adventure,24/04/2013 00:00:00
2013,Pirates and Roller Coaster Ride,24/04/2013 00:00:00
2013,Fun Adventure Show,25/04/2013 00:00:00
2013,Horror & Thriller Show,25/04/2013 00:00:00
2013,42,26/04/2013 00:00:00
2013,Evil Dead,26/04/2013 00:00:00
2013,Iron Man 3 ,26/04/2013 00:00:00
2013,Software Hardware....Kya Yaaron,26/04/2013 00:00:00
2013,Safe Haven,28/04/2013 00:00:00
2013,Road To Death & Roller Coaster,01/05/2013 00:00:00
2013,Dracula 4D,03/05/2013 00:00:00
2013,Habi The Foreigner,03/05/2013 00:00:00
2013,Mud,03/05/2013 00:00:00
2013,Side Effects,03/05/2013 00:00:00
2013,Celluloid Man ,04/05/2013 00:00:00
2013,Garfield,10/05/2013 00:00:00
2013,Star Trek Into Darkness ,10/05/2013 00:00:00
2013,Sons Of Ram,13/05/2013 00:00:00
2013,Epic,17/05/2013 00:00:00
2013,The Great Gatsby ,17/05/2013 00:00:00
2013,The Reluctant Fundamentalist,17/05/2013 00:00:00
2013,Journey To The Centre Of The Earth,18/05/2013 00:00:00
2013,3 Geezers,22/05/2013 00:00:00
2013,Plimpton,22/05/2013 00:00:00
2013,Fast & Furious 6 ,24/05/2013 00:00:00
2013,Fill The Void,24/05/2013 00:00:00
2013,Peeples,24/05/2013 00:00:00
2013,We Steal Secrets: The Story of Wikileaks,24/05/2013 00:00:00
2013,Forest Adventure & King Kong Returns,29/05/2013 00:00:00
2013,Predator & Pirates,29/05/2013 00:00:00
2013,A Green Story,31/05/2013 00:00:00
2013,Alyce Kills,31/05/2013 00:00:00
2013,Cinderella 3D,31/05/2013 00:00:00
2013,The East,31/05/2013 00:00:00
2013,The Hangover Part III,31/05/2013 00:00:00
2013,The Purge,31/05/2013 00:00:00
2013,Welcome to the Punch,31/05/2013 00:00:00
2013,Desert Ride & Roller Coaster,01/06/2013 00:00:00
2013,After Earth,07/06/2013 00:00:00
2013,Dungeons And Dragons 3,07/06/2013 00:00:00
2013,Now You See Me,07/06/2013 00:00:00
2013,The Internship,07/06/2013 00:00:00
2013,Dracula + Roller Coaster,12/06/2013 00:00:00
2013,Blood Ties,13/06/2013 00:00:00
2013,Man of Steel ,14/06/2013 00:00:00
2013,Strange Stories & Sea Adventure,14/06/2013 00:00:00
2013,The Bling Ring,14/06/2013 00:00:00
2013,Evil Dead,20/06/2013 00:00:00
2013,Monsters University,21/06/2013 00:00:00
2013,World War Z ,21/06/2013 00:00:00
2013,How to Make Money Selling Drugs,26/06/2013 00:00:00
2013,100 Bloody Acres,28/06/2013 00:00:00
2013,A Band Called Death,28/06/2013 00:00:00
2013,Byzantium,28/06/2013 00:00:00
2013,Copperhead,28/06/2013 00:00:00
2013,Detention Of The Dead,28/06/2013 00:00:00
2013,Europa Report,28/06/2013 00:00:00
2013,I'm So Excited,28/06/2013 00:00:00
2013,Redemption,28/06/2013 00:00:00
2013,The Colony,28/06/2013 00:00:00
2013,The Heat,28/06/2013 00:00:00
2013,The Saint Who Thought Otherwise,28/06/2013 00:00:00
2013,Forest Adventure New,01/07/2013 00:00:00
2013,Haunted Graves & Haunted House,01/07/2013 00:00:00
2013,Scorpion King & Ice Fighter,01/07/2013 00:00:00
2013,Time Machine & Forest Adventure,01/07/2013 00:00:00
2013,Time Machine & Roller Coaster,01/07/2013 00:00:00
2013,Big Star : Nothing Can Hurt Me,03/07/2013 00:00:00
2013,Kevin Hart: Let Me Explain,03/07/2013 00:00:00
2013,Despicable Me 2,05/07/2013 00:00:00
2013,Dinsaur + Invasion,05/07/2013 00:00:00
2013,Night At The Toy Store + Invasion,05/07/2013 00:00:00
2013,The Iceman,05/07/2013 00:00:00
2013,The Lone Ranger,05/07/2013 00:00:00
2013,"The Way, Way Back",05/07/2013 00:00:00
2013,Tomb + Invasion,05/07/2013 00:00:00
2013,Pacific Rim ,12/07/2013 00:00:00
2013,High Flight and Robin Hood,13/07/2013 00:00:00
2013,Only God Forgives,18/07/2013 00:00:00
2013,Red 2,19/07/2013 00:00:00
2013,Ship Of Theseus,19/07/2013 00:00:00
2013,The Conjuring,19/07/2013 00:00:00
2013,Turbo ,19/07/2013 00:00:00
2013,White House Down,19/07/2013 00:00:00
2013,Dinosaur Movie,25/07/2013 00:00:00
2013,Polar Roller Coaster And Forest Adventure,25/07/2013 00:00:00
2013,"Thrill, Horror And Adventure",25/07/2013 00:00:00
2013,Architecture 101 ,26/07/2013 00:00:00
2013,Beneath the Surface,26/07/2013 00:00:00
2013,Blue Jasmine,26/07/2013 00:00:00
2013,The Kings of Summer,26/07/2013 00:00:00
2013,The To Do List,26/07/2013 00:00:00
2013,The Wolverine ,26/07/2013 00:00:00
2013,Pharaoh Queen And Haunted Graves,28/07/2013 00:00:00
2013,The Little Lion King,28/07/2013 00:00:00
2013,Rescue & Adventure Of Toy Land,31/07/2013 00:00:00
2013,Killing Season,01/08/2013 00:00:00
2013,R.I.P.D ,02/08/2013 00:00:00
2013,The Big Wedding,02/08/2013 00:00:00
2013,The Man With The Iron Fists,02/08/2013 00:00:00
2013,The Smurfs 2 ,02/08/2013 00:00:00
2013,Vehicle 19 ,02/08/2013 00:00:00
2013,Zambezia ,02/08/2013 00:00:00
2013,Prince Avalanche,09/08/2013 00:00:00
2013,Pawn Shop Chronicles,12/08/2013 00:00:00
2013,Robin Hood and Forest Adventure,13/08/2013 00:00:00
2013,Robin Hood and Roller Coaster,13/08/2013 00:00:00
2013,Haunted House And Roller Coaster,16/08/2013 00:00:00
2013,High Flight and Roller Coaster,16/08/2013 00:00:00
2013,Desert Ride & Forest Adventure,21/08/2013 00:00:00
2013,Dracula + Invasion,21/08/2013 00:00:00
2013,Dracula + Path Finder Snow,21/08/2013 00:00:00
2013,Natts + Path Finder Snow,21/08/2013 00:00:00
2013,Night At The Toy Store +Time Machine,21/08/2013 00:00:00
2013,Path Finder Snow + Roller Coaster,21/08/2013 00:00:00
2013,Phantom House,21/08/2013 00:00:00
2013,Sleigh Ride + Forest Adventure,21/08/2013 00:00:00
2013,Terrific Dinosaur + Path Finder Snow,21/08/2013 00:00:00
2013,Tomb + Forest Adventure Combo,21/08/2013 00:00:00
2013,Tomb + Path Finder Snow Combo,21/08/2013 00:00:00
2013,Before Midnight,23/08/2013 00:00:00
2013,Drinking Buddies,23/08/2013 00:00:00
2013,Jobs,23/08/2013 00:00:00
2013,Kick-Ass 2,23/08/2013 00:00:00
2013,Planes ,23/08/2013 00:00:00
2013,Savannah,23/08/2013 00:00:00
2013,Scenic Route,23/08/2013 00:00:00
2013,The Frozen Ground,23/08/2013 00:00:00
2013,The Grandmaster,23/08/2013 00:00:00
2013,The World's End,23/08/2013 00:00:00
2013,You're Next,23/08/2013 00:00:00
2013,Desert Ride+Aero Bike,24/08/2013 00:00:00
2013,Dinosaur+Aero Bike,24/08/2013 00:00:00
2013,Ice Fighter+Forest Adventure,24/08/2013 00:00:00
2013,Phantom House,24/08/2013 00:00:00
2013,The Lifeguard,24/08/2013 00:00:00
2013,Dracula+Aero Bike,26/08/2013 00:00:00
2013,Natts+Aero Bike,26/08/2013 00:00:00
2013,Prehistoric adventure + Aero Bike,26/08/2013 00:00:00
2013,Terrific Dinosaur + Aero Bike,26/08/2013 00:00:00
2013,Tomb Of Pharaoh Queen + Roller Coaster,26/08/2013 00:00:00
2013,Closed Circuit,28/08/2013 00:00:00
2013,Afternoon Delight,30/08/2013 00:00:00
2013,Empire State,30/08/2013 00:00:00
2013,Getaway,30/08/2013 00:00:00
2013,I Declare War,30/08/2013 00:00:00
2013,Instructions Not Included,30/08/2013 00:00:00
2013,Passion,30/08/2013 00:00:00
2013,Percy Jackson: Sea Of Monsters,30/08/2013 00:00:00
2013,Pharaoh Queen + Strange Stories,30/08/2013 00:00:00
2013,The Mortal Instruments: City Of Bones,30/08/2013 00:00:00
2013,We're the Millers,30/08/2013 00:00:00
2013,Bob And The Monster,03/09/2013 00:00:00
2013,Apocalypse,06/09/2013 00:00:00
2013,Bounty Killer,06/09/2013 00:00:00
2013,Mission Park,06/09/2013 00:00:00
2013,One Direction: This Is Us ,06/09/2013 00:00:00
2013,Pain And Gain,06/09/2013 00:00:00
2013,Riddick,06/09/2013 00:00:00
2013,The Ultimate Life,06/09/2013 00:00:00
2013,This Is Us ,06/09/2013 00:00:00
2013,"Roller Coaster, Ghost Stories & Dinosaurs Thrillers",10/09/2013 00:00:00
2013,Grown Ups 2,13/09/2013 00:00:00
2013,Machete Kills,13/09/2013 00:00:00
2013,"Terrific Dinosaurs, Forest area And Pathfinder Snow",14/09/2013 00:00:00
2013,Generation Iron,16/09/2013 00:00:00
2013,"Prehistoric Adventure, Alien Safari And Roller Coaster",17/09/2013 00:00:00
2013,The Last Exorcism Part II,17/09/2013 00:00:00
2013,Hell Baby,19/09/2013 00:00:00
2013,2 Guns,20/09/2013 00:00:00
2013,A Single Shot,20/09/2013 00:00:00
2013,Battle Of The Year,20/09/2013 00:00:00
2013,Cold Comes The Night,20/09/2013 00:00:00
2013,Fruitvale Station,20/09/2013 00:00:00
2013,Malavita,20/09/2013 00:00:00
2013,Rush ,20/09/2013 00:00:00
2013,This Is The End,20/09/2013 00:00:00
2013,Poseidon Rex,22/09/2013 00:00:00
2013,I Spit on Your Grave 2,23/09/2013 00:00:00
2013,Baggage Claim,27/09/2013 00:00:00
2013,Dark Touch,27/09/2013 00:00:00
2013,Don Jon,27/09/2013 00:00:00
2013,Elysium ,27/09/2013 00:00:00
2013,Gambit,27/09/2013 00:00:00
2013,Human Ningen,27/09/2013 00:00:00
2013,Naked Harbour,27/09/2013 00:00:00
2013,Prisoners,27/09/2013 00:00:00
2013,Sucker ,27/09/2013 00:00:00
2013,The Citizen,27/09/2013 00:00:00
2013,The Network,27/09/2013 00:00:00
2013,We Are What We Are,27/09/2013 00:00:00
2013,Chapman,28/09/2013 00:00:00
2013,Keep Smiling ,28/09/2013 00:00:00
2013,Water,28/09/2013 00:00:00
2013,Ip Man ,30/09/2013 00:00:00
2013,Deadly Road 1 And 2,01/10/2013 00:00:00
2013,Morning,01/10/2013 00:00:00
2013,"Road to death, Ghost house & Canyon Coaster",01/10/2013 00:00:00
2013,"Space Explorer, Tropical Races & Bloody Road 2",01/10/2013 00:00:00
2013,Let The Fire Burn,02/10/2013 00:00:00
2013,Mr. Pip,03/10/2013 00:00:00
2013,A Touch Of Sin,04/10/2013 00:00:00
2013,A.C.O.D.,04/10/2013 00:00:00
2013,Argento's Dracula (3D),04/10/2013 00:00:00
2013,Bad Milo!,04/10/2013 00:00:00
2013,Concussion (English),04/10/2013 00:00:00
2013,Diana,04/10/2013 00:00:00
2013,Dislecksia: The Movie,04/10/2013 00:00:00
2013,Five Dances,04/10/2013 00:00:00
2013,Grace Unplugged,04/10/2013 00:00:00
2013,I Used To Be Darker,04/10/2013 00:00:00
2013,Linsanity,04/10/2013 00:00:00
2013,Nothing Left to Fear,04/10/2013 00:00:00
2013,Parkland,04/10/2013 00:00:00
2013,Runner Runner,04/10/2013 00:00:00
2013,Running Wild: The Life of Dayton O. Hyde,04/10/2013 00:00:00
2013,Sin City: A Dame to Kill For,04/10/2013 00:00:00
2013,The Dirties,04/10/2013 00:00:00
2013,The Institute,04/10/2013 00:00:00
2013,The Summit,04/10/2013 00:00:00
2013,Forest Adventure & Roller Coaster,08/10/2013 00:00:00
2013,Canyon Coaster And Robin Hood,09/10/2013 00:00:00
2013,High Flight And Haunted Graves,09/10/2013 00:00:00
2013,The Saratov Approach,09/10/2013 00:00:00
2013,Canyon Coaster And Pharaoh Queen,10/10/2013 00:00:00
2013,Haunted Graves And Roller Coaster,10/10/2013 00:00:00
2013,Hell & Back,10/10/2013 00:00:00
2013,Predator Attack And Robin Hood,10/10/2013 00:00:00
2013,Roller Coaster And Haunted Graves,10/10/2013 00:00:00
2013,About Time,11/10/2013 00:00:00
2013,All the Boys Love Mandy Lane,11/10/2013 00:00:00
2013,Broadway Idiot,11/10/2013 00:00:00
2013,Captain Phillips,11/10/2013 00:00:00
2013,Cassadaga,11/10/2013 00:00:00
2013,Design Is One: The Vignellis,11/10/2013 00:00:00
2013,Escape From Tomorrow,11/10/2013 00:00:00
2013,Fire In The Blood,11/10/2013 00:00:00
2013,Ghost Team One,11/10/2013 00:00:00
2013,God Loves Uganda,11/10/2013 00:00:00
2013,Gravity,11/10/2013 00:00:00
2013,I Will Follow You Into The Dark,11/10/2013 00:00:00
2013,Romeo and Juliet,11/10/2013 00:00:00
2013,Shikari Shambhu + Aerobike,11/10/2013 00:00:00
2013,Shikari Shambhu + Roller Coaster,11/10/2013 00:00:00
2013,The Inevitable Defeat Of Mister And Pete,11/10/2013 00:00:00
2013,Tomb Of Pharaoh Queen + Aero Bike,11/10/2013 00:00:00
2013,Zero Charisma,11/10/2013 00:00:00
2013,"Camille Claudel, 1915",16/10/2013 00:00:00
2013,Metallica Through The Never,16/10/2013 00:00:00
2013,Rescue And Path Finder Snow,16/10/2013 00:00:00
2013,Rescue and Roller Coaster,16/10/2013 00:00:00
2013,Rescue Jurassic Park And Canyon Coaster,16/10/2013 00:00:00
2013,Aerosmith: Rock For The Rising Sun,17/10/2013 00:00:00
2013,Rescue and Forest Adventure,17/10/2013 00:00:00
2013,All Is Lost,18/10/2013 00:00:00
2013,An American Promise,18/10/2013 00:00:00
2013,Big Ass Spider,18/10/2013 00:00:00
2013,Captain Phillips,18/10/2013 00:00:00
2013,Escape Plan ,18/10/2013 00:00:00
2013,Haunter,18/10/2013 00:00:00
2013,I'm In Love With A Church Girl,18/10/2013 00:00:00
2013,Kill Your Darling,18/10/2013 00:00:00
2013,Ride In The Mines And Haunted House,18/10/2013 00:00:00
2013,The Fifth Estate,18/10/2013 00:00:00
2013,Ride in the Mines and Path Finder Snow,19/10/2013 00:00:00
2013,Space Battleship Yamato,19/10/2013 00:00:00
2013,Ride in the Mines And Haunted Graves,21/10/2013 00:00:00
2013,The Bastards,23/10/2013 00:00:00
2013,Ice Fighter and Rescue,24/10/2013 00:00:00
2013,Roller Coaster and Ride in the Mines,24/10/2013 00:00:00
2013,Six Acts,24/10/2013 00:00:00
2013,A True Story,25/10/2013 00:00:00
2013,Bad Grandpa,25/10/2013 00:00:00
2013,Blood Brother,25/10/2013 00:00:00
2013,Blue Is The Warmest Color,25/10/2013 00:00:00
2013,I Am Divine,25/10/2013 00:00:00
2013,Losers Take All,25/10/2013 00:00:00
2013,Spinning Plates,25/10/2013 00:00:00
2013,The Butler,25/10/2013 00:00:00
2013,Wilde Salome,25/10/2013 00:00:00
2013,Dhooom 3.5,26/10/2013 00:00:00
2013,Coming Home for Christmas,29/10/2013 00:00:00
2013,Ice Fighter and Robin Hood,29/10/2013 00:00:00
2013,Ride in the Mines and Canyon Coaster,29/10/2013 00:00:00
2013,Skinwalker Ranch,30/10/2013 00:00:00
2013,A Perfect Man,01/11/2013 00:00:00
2013,Behind The Blue Veil,01/11/2013 00:00:00
2013,Big Sur,01/11/2013 00:00:00
2013,Enders Game ,01/11/2013 00:00:00
2013,Last Love,01/11/2013 00:00:00
2013,Man of Tai Chi,01/11/2013 00:00:00
2013,Mikeyboy,01/11/2013 00:00:00
2013,Mr. Nobody,01/11/2013 00:00:00
2013,Mysteries of the Unseen World ,01/11/2013 00:00:00
2013,Singularity,01/11/2013 00:00:00
2013,Sweet Dreams,01/11/2013 00:00:00
2013,The Broken Circle Breakdown,01/11/2013 00:00:00
2013,The Pervert's Guide To Ideology,01/11/2013 00:00:00
2013,These Birds Walk,01/11/2013 00:00:00
2013,Fly me to the moon & Roller Coaster,04/11/2013 00:00:00
2013,A Case Of You,06/11/2013 00:00:00
2013,Ass Backwards,08/11/2013 00:00:00
2013,At Berkeley,08/11/2013 00:00:00
2013,Best Man Down,08/11/2013 00:00:00
2013,Billy & Buddy,08/11/2013 00:00:00
2013,Free Birds ,08/11/2013 00:00:00
2013,Go For Sisters,08/11/2013 00:00:00
2013,Paris Countdown,08/11/2013 00:00:00
2013,People Of A Feather,08/11/2013 00:00:00
2013,Reaching For The Moon,08/11/2013 00:00:00
2013,The Falls: Testament Of Love,08/11/2013 00:00:00
2013,The Motel Life,08/11/2013 00:00:00
2013,Thor 2: The Dark World ,08/11/2013 00:00:00
2013,Fantasy Destination 5,11/11/2013 00:00:00
2013,Lost in Jurassic World,11/11/2013 00:00:00
2013,NT Live: Macbeth,14/11/2013 00:00:00
2013,One Chance,14/11/2013 00:00:00
2013,Charlie Countryman,15/11/2013 00:00:00
2013,Faust,15/11/2013 00:00:00
2013,Insidious: Chapter 2,15/11/2013 00:00:00
2013,The Best Man Holiday,15/11/2013 00:00:00
2013,The Counselor,15/11/2013 00:00:00
2013,The Returned,15/11/2013 00:00:00
2013,Adventure Of Toy Land+ Ice Fighter,16/11/2013 00:00:00
2013,Sleigh Ride + Nights at the Toy Store,20/11/2013 00:00:00
2013,Utu Redux,21/11/2013 00:00:00
2013,Battle of the Year ,22/11/2013 00:00:00
2013,Contracted,22/11/2013 00:00:00
2013,Home:____,22/11/2013 00:00:00
2013,Is The Man Who Is Tall Happy?: An Animated Conversation With Noam Chomsky,22/11/2013 00:00:00
2013,Last Vegas,22/11/2013 00:00:00
2013,The Christmas Candle,22/11/2013 00:00:00
2013,Weekend Of A Champion,22/11/2013 00:00:00
2013,Black Nativity,27/11/2013 00:00:00
2013,Cousin Jules,27/11/2013 00:00:00
2013,Homefront,27/11/2013 00:00:00
2013,Journey To The South Pacific,27/11/2013 00:00:00
2013,Austenland,29/11/2013 00:00:00
2013,Delivery Man ,29/11/2013 00:00:00
2013,Frozen,29/11/2013 00:00:00
2013,The End Of Time,29/11/2013 00:00:00
2013,The Punk Singer,29/11/2013 00:00:00
2013,"Road To Death,Horror Queen and Canyon Coaster",03/12/2013 00:00:00
2013,The Hunger Games: Catching Fire,03/12/2013 00:00:00
2013,Disaster Revolution & Roller Coaster,06/12/2013 00:00:00
2013,Khumba,06/12/2013 00:00:00
2013,Kids Adventure Special,06/12/2013 00:00:00
2013,Out of the Furnace,06/12/2013 00:00:00
2013,The Hunger Games: Catching Fire,06/12/2013 00:00:00
2013,The Last Days On Mars,06/12/2013 00:00:00
2013,Hours,13/12/2013 00:00:00
2013,Old Boy,13/12/2013 00:00:00
2013,Soulmate,13/12/2013 00:00:00
2013,The Hobbit: The Desolation of Smaug ,13/12/2013 00:00:00
2013,"Jet And Jin, Scorpion king, Air Flight",18/12/2013 00:00:00
2013,All The Light In The Sky,20/12/2013 00:00:00
2013,Anchorman: The Legend Continues,20/12/2013 00:00:00
2013,Cloudy With A Chance Of Meatballs 2 ,20/12/2013 00:00:00
2013,Gulliver And The Lilliputs ,20/12/2013 00:00:00
2013,Haunted Mine,20/12/2013 00:00:00
2013,Infected,20/12/2013 00:00:00
2013,Jett and Jinn,20/12/2013 00:00:00
2013,SOS Planet,20/12/2013 00:00:00
2013,The Past,20/12/2013 00:00:00
2013,Wrong Cops,20/12/2013 00:00:00
2013,Labor Day,25/12/2013 00:00:00
2013,The Invisible Woman,25/12/2013 00:00:00
2013,Tom Yum Goong 2 ,27/12/2013 00:00:00
2013,Walking with Dinosaurs,27/12/2013 00:00:00
2013,Walking with Dinosaurs 3D ,27/12/2013 00:00:00
2014,47 Ronin  ,03/01/2014 00:00:00
2014,Adventure,03/01/2014 00:00:00
2014,Devil's Due,03/01/2014 00:00:00
2014,Horror,03/01/2014 00:00:00
2014,Open Grave,03/01/2014 00:00:00
2014,Paranormal Activity: The Marked Ones,03/01/2014 00:00:00
2014,Rescue And Haunted Graves,03/01/2014 00:00:00
2014,The Amityville Horror: The Lost Tapes,03/01/2014 00:00:00
2014,The Secret Life of Walter Mitty,03/01/2014 00:00:00
2014,Ice Fighter & Roller Coaster,05/01/2014 00:00:00
2014,Phantom House+Roller Coaster,05/01/2014 00:00:00
2014,Predator Attack+Roller Coaster,05/01/2014 00:00:00
2014,Prehistoric Adventure+Roller Coaster,05/01/2014 00:00:00
2014,Scorpion King+Roller Coaster,05/01/2014 00:00:00
2014,Birth Of The Living Dead,07/01/2014 00:00:00
2014,Grudge Match,10/01/2014 00:00:00
2014,Inside Llewyn Davis,10/01/2014 00:00:00
2014,The Banshee Chapter,10/01/2014 00:00:00
2014,The Rocket,10/01/2014 00:00:00
2014,American Hustle,17/01/2014 00:00:00
2014,Carrie,17/01/2014 00:00:00
2014,"Forest Adventure, Pharaoh Queen & Canyon Coaster",17/01/2014 00:00:00
2014,Jack Ryan: Shadow Recruit,17/01/2014 00:00:00
2014,The Legend Of Hercules ,17/01/2014 00:00:00
2014,Mandela: Long Walk To Freedom,24/01/2014 00:00:00
2014,12 Years A Slave,31/01/2014 00:00:00
2014,Haunted House And High Flight,31/01/2014 00:00:00
2014,Haunted House And Predator Attack,31/01/2014 00:00:00
2014,"I, Frankenstein",31/01/2014 00:00:00
2014,Ice Fighter And High Flight,31/01/2014 00:00:00
2014,Ride In The Mine And Pre Historic Adventure,31/01/2014 00:00:00
2014,U-boat And Haunted Grave,31/01/2014 00:00:00
2014,"U.F.O, Forest Adventure And Air Flight",03/02/2014 00:00:00
2014,August: Osage County,05/02/2014 00:00:00
2014,7 Boxes,07/02/2014 00:00:00
2014,A Fantastic Fear of Everything,07/02/2014 00:00:00
2014,A Field in England,07/02/2014 00:00:00
2014,After the Dark,07/02/2014 00:00:00
2014,Afternoon of a Faun: Tanaquil Le Clercq,07/02/2014 00:00:00
2014,Cavemen,07/02/2014 00:00:00
2014,Haunted Mine Ride and Roller Coaster,07/02/2014 00:00:00
2014,Kids For Cash,07/02/2014 00:00:00
2014,Lone Survivor,07/02/2014 00:00:00
2014,Love & Air Sex,07/02/2014 00:00:00
2014,Mr. Go  ,07/02/2014 00:00:00
2014,Nurse 3-D,07/02/2014 00:00:00
2014,Rock Paper Dice Enter,07/02/2014 00:00:00
2014,Roller Coaster & Adventure of Alibaba,07/02/2014 00:00:00
2014,Roller Coaster & Adventure of Jet and Jin,07/02/2014 00:00:00
2014,Saving Mr. Banks,07/02/2014 00:00:00
2014,Scorned,07/02/2014 00:00:00
2014,Sinbad: The Fifth Voyage,07/02/2014 00:00:00
2014,The Attorney,07/02/2014 00:00:00
2014,The Lego Movie,07/02/2014 00:00:00
2014,The Outsider,07/02/2014 00:00:00
2014,The Pretty One,07/02/2014 00:00:00
2014,Tusk,07/02/2014 00:00:00
2014,The Adventurer: The Curse of the Midas Box,10/02/2014 00:00:00
2014,The Girl With The Dragon Tattoo,10/02/2014 00:00:00
2014,The New Black,12/02/2014 00:00:00
2014,Date And Switch,14/02/2014 00:00:00
2014,Down And Dangerous,14/02/2014 00:00:00
2014,Easy Money: Hard to Kill,14/02/2014 00:00:00
2014,Endless Love,14/02/2014 00:00:00
2014,Girl On A Bicycle,14/02/2014 00:00:00
2014,Her,14/02/2014 00:00:00
2014,Lucky Bastard,14/02/2014 00:00:00
2014,Police Story 2013,14/02/2014 00:00:00
2014,Robocop,14/02/2014 00:00:00
2014,That Awkward Moment,14/02/2014 00:00:00
2014,Vampire Academy,14/02/2014 00:00:00
2014,Winter's Tale,14/02/2014 00:00:00
2014,Wolf Creek 2,20/02/2014 00:00:00
2014,Almanac,21/02/2014 00:00:00
2014,Pompeii ,21/02/2014 00:00:00
2014,The Book Thief,21/02/2014 00:00:00
2014,The Monuments Men,21/02/2014 00:00:00
2014,Dallas Buyers Club,28/02/2014 00:00:00
2014,Mr. Peabody & Sherman ,28/02/2014 00:00:00
2014,Nebraska,28/02/2014 00:00:00
2014,Non-Stop,28/02/2014 00:00:00
2014,Air Fighter + Adventures Of Iceberg,01/03/2014 00:00:00
2014,Haunted Graves + Scary House,01/03/2014 00:00:00
2014,Ride In The Mines + King Kong Returns,01/03/2014 00:00:00
2014,Scorpion King Back + Invasion,01/03/2014 00:00:00
2014,Afflicted,04/03/2014 00:00:00
2014,Adventures of an iceberg+Terrific dinosaurs+Time Machine,06/03/2014 00:00:00
2014,300: Rise of an Empire ,07/03/2014 00:00:00
2014,Action Kids ,07/03/2014 00:00:00
2014,Jodorowsky's Dune,07/03/2014 00:00:00
2014,3 Days To Kill,14/03/2014 00:00:00
2014,Addicted,14/03/2014 00:00:00
2014,Battle Of The Damned,14/03/2014 00:00:00
2014,Enemy,14/03/2014 00:00:00
2014,Gallows Hill,14/03/2014 00:00:00
2014,The Visitors,14/03/2014 00:00:00
2014,Tyler Perry's Single Mom's Club,14/03/2014 00:00:00
2014,Veronica Mars,14/03/2014 00:00:00
2014,Bad Words,21/03/2014 00:00:00
2014,God's Not Dead,21/03/2014 00:00:00
2014,Leave The World Behind,21/03/2014 00:00:00
2014,Muppets Most Wanted,21/03/2014 00:00:00
2014,Need for Speed ,21/03/2014 00:00:00
2014,A Haunted House 2,28/03/2014 00:00:00
2014,Airplane vs Volcano ,28/03/2014 00:00:00
2014,Cesar Chavez,28/03/2014 00:00:00
2014,Noah ,28/03/2014 00:00:00
2014,Sabotage ,28/03/2014 00:00:00
2014,Mahesh Dattani's Dance Like A Man ,31/03/2014 00:00:00
2014,Enchanted Castle and Roller Coaster,01/04/2014 00:00:00
2014,Invasion and Predator Attack,01/04/2014 00:00:00
2014,Pirates,01/04/2014 00:00:00
2014,The Lady and The Reaper and Roller Coaster,01/04/2014 00:00:00
2014,Tomb Of The Pharaoh 1 and Tomb Of The Pharaoh 2,01/04/2014 00:00:00
2014,The Retrieval,02/04/2014 00:00:00
2014,After The Third Bell,04/04/2014 00:00:00
2014,Bending The Rules,04/04/2014 00:00:00
2014,Captain America: The Winter Soldier ,04/04/2014 00:00:00
2014,Dom Hemingway,04/04/2014 00:00:00
2014,In The Blood,04/04/2014 00:00:00
2014,Under the Skin,04/04/2014 00:00:00
2014,Pre Historic Adventure + King Kong Returns,07/04/2014 00:00:00
2014,Sleigh Ride + King Kong Returns,07/04/2014 00:00:00
2014,Terrific Dinosaur + King Kong Returns,07/04/2014 00:00:00
2014,The Lady + The Reaper + Aero Bike,07/04/2014 00:00:00
2014,About Last Night,11/04/2014 00:00:00
2014,Divergent ,11/04/2014 00:00:00
2014,Draft Day,11/04/2014 00:00:00
2014,Oculus,11/04/2014 00:00:00
2014,Only Lovers Left Alive,11/04/2014 00:00:00
2014,Rio 2 ,11/04/2014 00:00:00
2014,Asian School Girls,15/04/2014 00:00:00
2014,Comedy Fever,16/04/2014 00:00:00
2014,Bears,18/04/2014 00:00:00
2014,Tarzan ,18/04/2014 00:00:00
2014,Transcendence ,18/04/2014 00:00:00
2014,Brick Mansions,25/04/2014 00:00:00
2014,Congo: The Grand Inga Project,25/04/2014 00:00:00
2014,Finding Happiness,25/04/2014 00:00:00
2014,For No Good Reason,25/04/2014 00:00:00
2014,Locke,25/04/2014 00:00:00
2014,Son of God,25/04/2014 00:00:00
2014,The Other Woman,25/04/2014 00:00:00
2014,Walk of Shame,25/04/2014 00:00:00
2014,Where The Trail Ends,25/04/2014 00:00:00
2014,Welcome to the Jungle,27/04/2014 00:00:00
2014,Adventure of Jet and Jin and Haunted Raceway,01/05/2014 00:00:00
2014,Haunted Raceway and Adventure of Alibaba,01/05/2014 00:00:00
2014,Haunted Raceway and Roller Coaster,01/05/2014 00:00:00
2014,How I Spent My Summer Vacation,01/05/2014 00:00:00
2014,King Kong Returns and Roller Coaster,01/05/2014 00:00:00
2014,The Amazing Spider-Man 2 ,01/05/2014 00:00:00
2014,Water & Power,01/05/2014 00:00:00
2014,Bad Johnson,02/05/2014 00:00:00
2014,Belle,02/05/2014 00:00:00
2014,Beneath The Harvest Sky,02/05/2014 00:00:00
2014,Friended To Death,02/05/2014 00:00:00
2014,Haunted Graves And Scary House,02/05/2014 00:00:00
2014,More Than The Rainbow,02/05/2014 00:00:00
2014,Roller Coaster 2 And Predator Attack,02/05/2014 00:00:00
2014,The Amazing Spider-Man 2 ,02/05/2014 00:00:00
2014,The Protector 2,02/05/2014 00:00:00
2014,Legends of Oz: Dorothy's Return,09/05/2014 00:00:00
2014,Million Dollar Arm,09/05/2014 00:00:00
2014,Neighbors,09/05/2014 00:00:00
2014,Fading Gigolo,16/05/2014 00:00:00
2014,Godzilla ,16/05/2014 00:00:00
2014,Kochadaiiyaan ,23/05/2014 00:00:00
2014,X-Men: Days Of Future Past ,23/05/2014 00:00:00
2014,Asylum,30/05/2014 00:00:00
2014,Blended,30/05/2014 00:00:00
2014,Dracula,30/05/2014 00:00:00
2014,FILTH,30/05/2014 00:00:00
2014,Jett and Jinn,30/05/2014 00:00:00
2014,Jimmy's Hall,30/05/2014 00:00:00
2014,Maleficent ,30/05/2014 00:00:00
2014,The Nut Job ,30/05/2014 00:00:00
2014,The Quiet Ones,30/05/2014 00:00:00
2014,The Raid 2 ,30/05/2014 00:00:00
2014,Haunted Raceway and Terrific Dinosaur,01/06/2014 00:00:00
2014,Ride In the Mines and Pharaoh Queen,01/06/2014 00:00:00
2014,Terrific Dinosaur and Adventures of Ali Baba,01/06/2014 00:00:00
2014,Edge of Tomorrow ,06/06/2014 00:00:00
2014,Fault In Our Stars,06/06/2014 00:00:00
2014,Jersey Boys,06/06/2014 00:00:00
2014,Test,06/06/2014 00:00:00
2014,The Sacrament,06/06/2014 00:00:00
2014,Grace of Monaco,13/06/2014 00:00:00
2014,Hellion,13/06/2014 00:00:00
2014,How to Train Your Dragon 2 ,13/06/2014 00:00:00
2014,Policeman,13/06/2014 00:00:00
2014,Roraima,13/06/2014 00:00:00
2014,The Rover,13/06/2014 00:00:00
2014,The Signal,13/06/2014 00:00:00
2014,A Million Ways to Die in the West,20/06/2014 00:00:00
2014,Chef,20/06/2014 00:00:00
2014,Heaven Is For Real,20/06/2014 00:00:00
2014,Transformers: Age Of Extinction  ,27/06/2014 00:00:00
2014,Rescue And King Kong,28/06/2014 00:00:00
2014,Beware the Night,02/07/2014 00:00:00
2014,Earth to Echo,02/07/2014 00:00:00
2014,Tammy,02/07/2014 00:00:00
2014,Adventures of Toy Land and Roller Coaster,04/07/2014 00:00:00
2014,Police Badge ,04/07/2014 00:00:00
2014,The Fault In Our Stars,04/07/2014 00:00:00
2014,Darkness on the Edge of Town,09/07/2014 00:00:00
2014,Dawn of the Planet of the Apes ,11/07/2014 00:00:00
2014,Tomb & Strange Stories,11/07/2014 00:00:00
2014,Begin Again,18/07/2014 00:00:00
2014,Planes: Fire & Rescue ,18/07/2014 00:00:00
2014,The Purge: Anarchy,18/07/2014 00:00:00
2014,The Grand Budapest Hotel,25/07/2014 00:00:00
2014,22 Jump Street,01/08/2014 00:00:00
2014,Adventure of Alibaba and Haunted Mine Ride,01/08/2014 00:00:00
2014,Adventures of an Iceberg and King Kong Returns,01/08/2014 00:00:00
2014,Adventures of an Iceberg and Roller Coaster,01/08/2014 00:00:00
2014,Calvary,01/08/2014 00:00:00
2014,Child Of God,01/08/2014 00:00:00
2014,Citizen Kane,01/08/2014 00:00:00
2014,Finding Fela,01/08/2014 00:00:00
2014,Get On Up,01/08/2014 00:00:00
2014,Hercules,01/08/2014 00:00:00
2014,High Flight and Terrific Dinosaur,01/08/2014 00:00:00
2014,House of Dead +Tomb,01/08/2014 00:00:00
2014,House of Dead and Aero Bike,01/08/2014 00:00:00
2014,Lucy,01/08/2014 00:00:00
2014,Pharaoh Queen and Roller Coaster,01/08/2014 00:00:00
2014,Roller Coaster and House of Dead,01/08/2014 00:00:00
2014,Terrific Dinosaur and Adventure of Alibaba,01/08/2014 00:00:00
2014,The Lady and The Reaper and Invasion,01/08/2014 00:00:00
2014,(Fundamentals Dont Use),08/08/2014 00:00:00
2014,City Lights ,08/08/2014 00:00:00
2014,Guardians of the Galaxy ,08/08/2014 00:00:00
2014,Into the Storm,08/08/2014 00:00:00
2014,Polar Roller Coaster And Pre Historic Adventure,08/08/2014 00:00:00
2014,The Hundred-Foot Journey,08/08/2014 00:00:00
2014,Let's Be Cops,13/08/2014 00:00:00
2014,As Above So Below,15/08/2014 00:00:00
2014,Dracula,15/08/2014 00:00:00
2014,Hector and the Search for Happiness,15/08/2014 00:00:00
2014,Pirate Story,15/08/2014 00:00:00
2014,The Giver,15/08/2014 00:00:00
2014,Wild Tales,21/08/2014 00:00:00
2014,Asylum,22/08/2014 00:00:00
2014,Children of Heaven,22/08/2014 00:00:00
2014,SOS Planet,22/08/2014 00:00:00
2014,The Expendables 3,22/08/2014 00:00:00
2014,When the Game Stands Tall,22/08/2014 00:00:00
2014,House of Dead and King Kong Returns,29/08/2014 00:00:00
2014,Step Up All In ,29/08/2014 00:00:00
2014,Teenage Mutant Ninja Turtles ,29/08/2014 00:00:00
2014,The Congress,29/08/2014 00:00:00
2014,The November Man,29/08/2014 00:00:00
2014,Forest Adventure New,30/08/2014 00:00:00
2014,Haunted Graves,30/08/2014 00:00:00
2014,High Flight,30/08/2014 00:00:00
2014,Ice Fighter and Haunted House,30/08/2014 00:00:00
2014,Path Finder,30/08/2014 00:00:00
2014,Pre Historic Adventure,30/08/2014 00:00:00
2014,Predator Attack,30/08/2014 00:00:00
2014,Scorpion King And Haunted Graves,30/08/2014 00:00:00
2014,Deep Sea Track,31/08/2014 00:00:00
2014,Deep Sea Track and Rescue,31/08/2014 00:00:00
2014,The Scorpion King ,31/08/2014 00:00:00
2014,Forest Adventure and Adventure of Toy Land,01/09/2014 00:00:00
2014,Haunted House Hard And King Kong Returns,01/09/2014 00:00:00
2014,Pirates and Wild Coaster,01/09/2014 00:00:00
2014,Frontera,05/09/2014 00:00:00
2014,If I Stay,05/09/2014 00:00:00
2014,Life of Crime,05/09/2014 00:00:00
2014,Sin City: A Dame to Kill For,05/09/2014 00:00:00
2014,The Bridges of Madison County,05/09/2014 00:00:00
2014,The Green Inferno,05/09/2014 00:00:00
2014,The Longest Week,05/09/2014 00:00:00
2014,10 Rules For Sleeping Around,06/09/2014 00:00:00
2014,Casablanca,06/09/2014 00:00:00
2014,Doctor Zhivago,07/09/2014 00:00:00
2014,The Notebook,09/09/2014 00:00:00
2014,Singin' in the Rain,11/09/2014 00:00:00
2014,Atlas Shrugged: Part III,12/09/2014 00:00:00
2014,Finding Fanny,12/09/2014 00:00:00
2014,Forrest Gump,12/09/2014 00:00:00
2014,Paths of Glory (1957),12/09/2014 00:00:00
2014,The Prince,12/09/2014 00:00:00
2014,A Walk Among The Tombstones,19/09/2014 00:00:00
2014,Dolphin Tale 2,19/09/2014 00:00:00
2014,Dr. Cabbie,19/09/2014 00:00:00
2014,The Drop,19/09/2014 00:00:00
2014,The Maze Runner ,19/09/2014 00:00:00
2014,The Maze Runner (3D),19/09/2014 00:00:00
2014,Special Horror and King Kong Returns,22/09/2014 00:00:00
2014,Special Horror and Roller Coaster,22/09/2014 00:00:00
2014,Deliver Us From Evil,26/09/2014 00:00:00
2014,Path Finder Snow and Haunted Graves,26/09/2014 00:00:00
2014,Two Night Stand,26/09/2014 00:00:00
2014,Deep Sea Track and Haunted House,27/09/2014 00:00:00
2014,Scorpion King and Haunted House,30/09/2014 00:00:00
2014,Dinosaur Adventure and Adventure of Jet Cat,01/10/2014 00:00:00
2014,Strange Stories And Pharoh Queen,01/10/2014 00:00:00
2014,The Boxtrolls,02/10/2014 00:00:00
2014,The Hero of Color City,03/10/2014 00:00:00
2014,Alexander And The Terrible Horrible No Good Very Bad Day,10/10/2014 00:00:00
2014,Annabelle,10/10/2014 00:00:00
2014,Bermuda Tentacles,10/10/2014 00:00:00
2014,Beyond All Boundaries,10/10/2014 00:00:00
2014,Beyond All Boundaries: Cricket,10/10/2014 00:00:00
2014,Haunted State: Whispers from History Past,10/10/2014 00:00:00
2014,Left Behind,10/10/2014 00:00:00
2014,One Direction: Where We Are ,11/10/2014 00:00:00
2014,Dracula Untold,17/10/2014 00:00:00
2014,Kill the Messenger,17/10/2014 00:00:00
2014,King Kong ,17/10/2014 00:00:00
2014,Sex Tape,17/10/2014 00:00:00
2014,The Book of Life,17/10/2014 00:00:00
2014,The Judge,17/10/2014 00:00:00
2014,What If,17/10/2014 00:00:00
2014,Polar Roller Coaster,23/10/2014 00:00:00
2014,Honeymoon,24/10/2014 00:00:00
2014,"Love, Rosie",24/10/2014 00:00:00
2014,Revenge Of The Green Dragons,28/10/2014 00:00:00
2014,Fireflies,31/10/2014 00:00:00
2014,Fury,31/10/2014 00:00:00
2014,Gone Girl,31/10/2014 00:00:00
2014,Ouija,31/10/2014 00:00:00
2014,Roar: Tigers of the Sundarbans,31/10/2014 00:00:00
2014,Saw III,31/10/2014 00:00:00
2014,The Best of Me,31/10/2014 00:00:00
2014,Terrific Dinosaurs and Adventures of the Jet Cat,01/11/2014 00:00:00
2014,Chaar Sahibzaade ,06/11/2014 00:00:00
2014,A Decent Arrangement,07/11/2014 00:00:00
2014,Big Hero 6 ,07/11/2014 00:00:00
2014,Interstellar ,07/11/2014 00:00:00
2014,Nightcrawler,07/11/2014 00:00:00
2014,Beauty and the Beast,14/11/2014 00:00:00
2014,Boyhood,14/11/2014 00:00:00
2014,Horns,14/11/2014 00:00:00
2014,John Wick,14/11/2014 00:00:00
2014,Oliver Twist (1948),14/11/2014 00:00:00
2014,Saving Christmas,14/11/2014 00:00:00
2014,Secret Girl 009 -1,14/11/2014 00:00:00
2014,A Most Violent Year,18/11/2014 00:00:00
2014,Dumb and Dumber To,21/11/2014 00:00:00
2014,Foreign Correspondent ,21/11/2014 00:00:00
2014,Ninja 2 ,21/11/2014 00:00:00
2014,No Good Deed,21/11/2014 00:00:00
2014,The Equalizer ,21/11/2014 00:00:00
2014,Before I Disappear,28/11/2014 00:00:00
2014,Horrible Bosses 2,28/11/2014 00:00:00
2014,Penguins Of Madagascar ,28/11/2014 00:00:00
2014,Sex Ed,28/11/2014 00:00:00
2014,The Hunger Games: Mockingjay - Part 1,28/11/2014 00:00:00
2014,Moulin Rouge - The Ballet,30/11/2014 00:00:00
2014,Adventure of Jet and Jin and Haunted Mine Ride,01/12/2014 00:00:00
2014,Pilgrim Coaster and Roller Coaster,01/12/2014 00:00:00
2014,Broadway's Romeo and Juliet,02/12/2014 00:00:00
2014,1937 Battle Forge,03/12/2014 00:00:00
2014,Hydro Rafter,03/12/2014 00:00:00
2014,Bhopal: A Prayer for Rain,05/12/2014 00:00:00
2014,Exodus: Gods and Kings ,05/12/2014 00:00:00
2014,She's Beautiful When She's Angry,05/12/2014 00:00:00
2014,The Hobbit: An Unexpected Journey ,05/12/2014 00:00:00
2014,This Is Where I Leave You,05/12/2014 00:00:00
2014,Zombie Night ,05/12/2014 00:00:00
2014,Black Widow: A Land Bleeds,12/12/2014 00:00:00
2014,Inherent Vice,12/12/2014 00:00:00
2014,Jessabelle,12/12/2014 00:00:00
2014,Rise of the Zombie,12/12/2014 00:00:00
2014,The Babadook,12/12/2014 00:00:00
2014,The Hobbit: The Battle Of  The Five Armies ,12/12/2014 00:00:00
2014,Sleigh Ride and Little Lion King,13/12/2014 00:00:00
2014,Christmas Tale & Little Lion King,16/12/2014 00:00:00
2014,Night at the museum 3,18/12/2014 00:00:00
2014,Annie,19/12/2014 00:00:00
2014,Dragons of Camelot,19/12/2014 00:00:00
2014,The Gambler,19/12/2014 00:00:00
2014,Pilgrim Coaster,21/12/2014 00:00:00
2014,Haunted Raceway and Santa Ride,24/12/2014 00:00:00
2014,Santa Ride and Adventure of Jet and Jin,24/12/2014 00:00:00
2014,Santa Ride and Roller Coaster,24/12/2014 00:00:00
2014,A Long Way Down,25/12/2014 00:00:00
2014,Into The Woods,25/12/2014 00:00:00
2014,Night at the Museum: Secret of the Tomb  ,25/12/2014 00:00:00
2014,Selma,25/12/2014 00:00:00
2014,The Interview,25/12/2014 00:00:00
2014,Tracks,25/12/2014 00:00:00
2014,Unforgiven,25/12/2014 00:00:00
2014,Maps to the Stars,27/12/2014 00:00:00
2014,From Here To Eternity - The Musical,30/12/2014 00:00:00
2014,Santa Ride And Forest Adventure,31/12/2014 00:00:00
2014,Santa Ride and King Kong Returns,31/12/2014 00:00:00
2014,Santa Ride and Roller Coaster,31/12/2014 00:00:00
2015,Jurassic Avatar ,01/01/2015 00:00:00
2015,Jurassic City,01/01/2015 00:00:00
2015,Lost War of Jurassic Park ,01/01/2015 00:00:00
2015,Black and White: The Dawn of Justice ,02/01/2015 00:00:00
2015,The Woman in Black 2: Angel of Death,02/01/2015 00:00:00
2015,Unbroken,02/01/2015 00:00:00
2015,Big Eyes,09/01/2015 00:00:00
2015,Predestination,09/01/2015 00:00:00
2015,Taken 3,09/01/2015 00:00:00
2015,The World Made Straight,09/01/2015 00:00:00
2015,Canyon Coaster And Jungle Adventure,14/01/2015 00:00:00
2015,Roller Coaster And Jetpack Adventure,14/01/2015 00:00:00
2015,On a Quest,15/01/2015 00:00:00
2015,American Sniper,16/01/2015 00:00:00
2015,Escobar: Paradise Lost,16/01/2015 00:00:00
2015,Paddington,16/01/2015 00:00:00
2015,Son of a Gun,16/01/2015 00:00:00
2015,Spare Parts,16/01/2015 00:00:00
2015,Still Alice,16/01/2015 00:00:00
2015,The Amazing Spider-Man 2 ,16/01/2015 00:00:00
2015,The Imitation Game,16/01/2015 00:00:00
2015,The Theory of Everything,16/01/2015 00:00:00
2015,Evil House and Adventure of Jet and Jin,21/01/2015 00:00:00
2015,Evil House and Roller Coaster,21/01/2015 00:00:00
2015,Haunted Raceway and Life of Tree,21/01/2015 00:00:00
2015,Life of tree and Adventure of Jet and Jin,21/01/2015 00:00:00
2015,Ex Machina,23/01/2015 00:00:00
2015,Mortdecai,23/01/2015 00:00:00
2015,Strange Magic,23/01/2015 00:00:00
2015,The Humbling,23/01/2015 00:00:00
2015,Adventurous Forest Coaster and Dinosaur Era - 1,30/01/2015 00:00:00
2015,Birdman,30/01/2015 00:00:00
2015,Black or White,30/01/2015 00:00:00
2015,Foxcatcher,30/01/2015 00:00:00
2015,Project Almanac,30/01/2015 00:00:00
2015,Seventh Son ,30/01/2015 00:00:00
2015,The Loft,30/01/2015 00:00:00
2015,The Salt of the Earth,30/01/2015 00:00:00
2015,Justin Bieber's Believe,31/01/2015 00:00:00
2015,House of Dead and Time Machine,01/02/2015 00:00:00
2015,Ballet 422,06/02/2015 00:00:00
2015,Jupiter Ascending,06/02/2015 00:00:00
2015,Jupiter Ascending 3D ,06/02/2015 00:00:00
2015,Mr. Turner,06/02/2015 00:00:00
2015,The Boy Next Door,06/02/2015 00:00:00
2015,The Voices,06/02/2015 00:00:00
2015,Wild Card,06/02/2015 00:00:00
2015,RSC - The Two Gentlemen of Verona,08/02/2015 00:00:00
2015,The Last 5 Years,13/02/2015 00:00:00
2015,Pirates and Crazy Snowmobile,15/02/2015 00:00:00
2015,Ride in the mine and Zombie train,15/02/2015 00:00:00
2015,Death Warrior,20/02/2015 00:00:00
2015,Hot Tub Time Machine 2,20/02/2015 00:00:00
2015,Jane Got a Gun,20/02/2015 00:00:00
2015,Knight of Cups,20/02/2015 00:00:00
2015,Lazarus,20/02/2015 00:00:00
2015,"McFarland, USA",20/02/2015 00:00:00
2015,Whiplash,20/02/2015 00:00:00
2015,Wild,20/02/2015 00:00:00
2015,71,27/02/2015 00:00:00
2015,Blackhat,27/02/2015 00:00:00
2015,Kingsman: The Secret Service,27/02/2015 00:00:00
2015,Me & Mr Lobo,27/02/2015 00:00:00
2015,Outcast,27/02/2015 00:00:00
2015,Serena,27/02/2015 00:00:00
2015,Frankenstein - Part 1 ,28/02/2015 00:00:00
2015,Canyon Coaster And Jetpack Adventure,01/03/2015 00:00:00
2015,Hell,01/03/2015 00:00:00
2015,Little King,01/03/2015 00:00:00
2015,Underground Mine Ride And Dinosaur Era,01/03/2015 00:00:00
2015,A Year in Champagne,06/03/2015 00:00:00
2015,Against the Sun,06/03/2015 00:00:00
2015,Fifty Shades of Grey,06/03/2015 00:00:00
2015,Sming,06/03/2015 00:00:00
2015,The Coup,06/03/2015 00:00:00
2015,The Lazarus Effect,06/03/2015 00:00:00
2015,The Wedding Ringer,06/03/2015 00:00:00
2015,Unfinished Business,06/03/2015 00:00:00
2015,Frankenstein - Part 2 ,08/03/2015 00:00:00
2015,Anarchy,13/03/2015 00:00:00
2015,Black and White: The Dawn of Justice ,13/03/2015 00:00:00
2015,Chappie ,13/03/2015 00:00:00
2015,Focus ,13/03/2015 00:00:00
2015,In Their Shoes ,13/03/2015 00:00:00
2015,The Vatican Museums,15/03/2015 00:00:00
2015,Underground Mine Ride and Tarzan,18/03/2015 00:00:00
2015,Anita B,20/03/2015 00:00:00
2015,Cinderella,20/03/2015 00:00:00
2015,Insurgent ,20/03/2015 00:00:00
2015,The Second Best Exotic Marigold Hotel,20/03/2015 00:00:00
2015,Tracers,20/03/2015 00:00:00
2015,A Little Chaos,27/03/2015 00:00:00
2015,Dragon Blade ,27/03/2015 00:00:00
2015,Merchants of Doubt,27/03/2015 00:00:00
2015,Run All Night,27/03/2015 00:00:00
2015,The Dark Lurking,27/03/2015 00:00:00
2015,The Gunman,27/03/2015 00:00:00
2015,Forest Adventure & Wild Coaster,01/04/2015 00:00:00
2015,The Last Journey & Escape From Hell,01/04/2015 00:00:00
2015,Fast & Furious 7,02/04/2015 00:00:00
2015,Hola Venky,02/04/2015 00:00:00
2015,Cut Bank,03/04/2015 00:00:00
2015,Get Hard,03/04/2015 00:00:00
2015,The Woman in Gold,03/04/2015 00:00:00
2015,Curse of Egypt,04/04/2015 00:00:00
2015,Deep Sea Hunt,04/04/2015 00:00:00
2015,Treasure Hunter,04/04/2015 00:00:00
2015,Skylight ,05/04/2015 00:00:00
2015,Broken Horses,10/04/2015 00:00:00
2015,Desert Dancer,10/04/2015 00:00:00
2015,Home,10/04/2015 00:00:00
2015,It Follows,10/04/2015 00:00:00
2015,Nightlight,10/04/2015 00:00:00
2015,Vikings From The British Museum,13/04/2015 00:00:00
2015,Avengers Grimm ,17/04/2015 00:00:00
2015,Monkey Kingdom,17/04/2015 00:00:00
2015,Paul Blart: Mall Cop 2,17/04/2015 00:00:00
2015,The Water Diviner,17/04/2015 00:00:00
2015,Unfriended,17/04/2015 00:00:00
2015,What About Savarkar?,17/04/2015 00:00:00
2015,Of Mice And Men ,19/04/2015 00:00:00
2015,White God,21/04/2015 00:00:00
2015,Avengers: Age of Ultron,24/04/2015 00:00:00
2015,Effie Gray,24/04/2015 00:00:00
2015,Ice Fighter and King Kong Returns,24/04/2015 00:00:00
2015,Kill Me Three Times,24/04/2015 00:00:00
2015,Kung Fu Killer,24/04/2015 00:00:00
2015,Little Boy,24/04/2015 00:00:00
2015,The Longest Ride,24/04/2015 00:00:00
2015,The Moon and the Sun,24/04/2015 00:00:00
2015,Far From The Madding Crowd,01/05/2015 00:00:00
2015,Invasion + Time Machine,01/05/2015 00:00:00
2015,Private Number,01/05/2015 00:00:00
2015,While We're Young,01/05/2015 00:00:00
2015,The Curious Incident of the Dog in the Night Time ,03/05/2015 00:00:00
2015,Hot Pursuit,08/05/2015 00:00:00
2015,Playing It Cool,08/05/2015 00:00:00
2015,The SpongeBob Movie: Sponge Out of Water ,08/05/2015 00:00:00
2015,Zombie Train + Pharaoh Queen + Ride In The Mines,08/05/2015 00:00:00
2015,Danny Collins,15/05/2015 00:00:00
2015,House of Dead and Scorpion King,15/05/2015 00:00:00
2015,Mad Max: Fury Road,15/05/2015 00:00:00
2015,Santa Ride and Scorpion King,15/05/2015 00:00:00
2015,A Streetcar Named Desire,17/05/2015 00:00:00
2015,Phantom House,19/05/2015 00:00:00
2015,Terrific Dinosaur & Roller Coaster,19/05/2015 00:00:00
2015,Terrific Dinosaur and Forest Adventure,19/05/2015 00:00:00
2015,Terrific Dinosaur and Scorpion King,19/05/2015 00:00:00
2015,Earthquake And Roller,20/05/2015 00:00:00
2015,Russian Hills And Forest Adventure,20/05/2015 00:00:00
2015,Big Game,22/05/2015 00:00:00
2015,Poltergeist,22/05/2015 00:00:00
2015,Timbuktu,22/05/2015 00:00:00
2015,Tomorrowland,22/05/2015 00:00:00
2015,Crazy Roller coaster,26/05/2015 00:00:00
2015,Panic House,26/05/2015 00:00:00
2015,San Andreas Quake,28/05/2015 00:00:00
2015,Echoes of War,29/05/2015 00:00:00
2015,Maggie,29/05/2015 00:00:00
2015,San Andreas,29/05/2015 00:00:00
2015,The Human Centipede 3,29/05/2015 00:00:00
2015,B.O.O.: Bureau of Otherworldly Operations,05/06/2015 00:00:00
2015,Echoes,05/06/2015 00:00:00
2015,The Age of Adaline,05/06/2015 00:00:00
2015,What We Did on Our Holiday,05/06/2015 00:00:00
2015,Crossmaglen,06/06/2015 00:00:00
2015,Pompeii from the British Museum,07/06/2015 00:00:00
2015,Jurassic World,11/06/2015 00:00:00
2015,Me and Earl and the Dying Girl,12/06/2015 00:00:00
2015,The Duff,12/06/2015 00:00:00
2015,The Yes Men Are Revolting,12/06/2015 00:00:00
2015,Be Here Now,13/06/2015 00:00:00
2015,Dragon Valley,17/06/2015 00:00:00
2015,Entourage,19/06/2015 00:00:00
2015,Manglehorn,19/06/2015 00:00:00
2015,Spy,19/06/2015 00:00:00
2015,Forest Coaster and Tarzan,20/06/2015 00:00:00
2015,Roller Coaster and Jungle Adventure,20/06/2015 00:00:00
2015,Vincent Van Gogh,24/06/2015 00:00:00
2015,Insidious: Chapter 3,25/06/2015 00:00:00
2015,Adventure Show and Horror Show,26/06/2015 00:00:00
2015,Child 44,26/06/2015 00:00:00
2015,Demonic,26/06/2015 00:00:00
2015,Dope,26/06/2015 00:00:00
2015,Horror Show,26/06/2015 00:00:00
2015,I'll See You in My Dreams,26/06/2015 00:00:00
2015,Inside Out,26/06/2015 00:00:00
2015,Kids Ride and Adventure Show,26/06/2015 00:00:00
2015,Me,26/06/2015 00:00:00
2015,Polar Region War,26/06/2015 00:00:00
2015,Ride Show and Adventure Show,26/06/2015 00:00:00
2015,Ride show and Haunted Show,26/06/2015 00:00:00
2015,Ride Show and Horror Show,26/06/2015 00:00:00
2015,Ride Show and Kids Scary,26/06/2015 00:00:00
2015,Ride Show and Scary Show,26/06/2015 00:00:00
2015,Ted 2,26/06/2015 00:00:00
2015,Magic Mike XXL,03/07/2015 00:00:00
2015,Max,03/07/2015 00:00:00
2015,Pitch Perfect 2,03/07/2015 00:00:00
2015,Roller Coaster To The Death Valley,03/07/2015 00:00:00
2015,Terminator Genisys,03/07/2015 00:00:00
2015,Hermitage Revealed,05/07/2015 00:00:00
2015,Aurora,07/07/2015 00:00:00
2015,Aloha,10/07/2015 00:00:00
2015,Amy,10/07/2015 00:00:00
2015,Minions,10/07/2015 00:00:00
2015,The Gallows,10/07/2015 00:00:00
2015,Adventure of Toy Land & Terrific Dinosaurs,14/07/2015 00:00:00
2015,Mastiii XD,14/07/2015 00:00:00
2015,Planet of the Machines & Wild Coaster,14/07/2015 00:00:00
2015,Trike Coaster and Galactic Escapade,14/07/2015 00:00:00
2015,Rembrandt,22/07/2015 00:00:00
2015,Ant-Man,24/07/2015 00:00:00
2015,Mr. Holmes,24/07/2015 00:00:00
2015,Skin Trade,24/07/2015 00:00:00
2015,Smosh: The Movie,24/07/2015 00:00:00
2015,Chaar Dhaam Yatra,26/07/2015 00:00:00
2015,House of dead,26/07/2015 00:00:00
2015,Toy Ride,26/07/2015 00:00:00
2015,Neighborhood Watch,27/07/2015 00:00:00
2015,Pixels,31/07/2015 00:00:00
2015,Southpaw,31/07/2015 00:00:00
2015,SPECIAL ID,31/07/2015 00:00:00
2015,The Little Prince,31/07/2015 00:00:00
2015,The Vatican Tapes,31/07/2015 00:00:00
2015,Mission: Impossible - Rogue Nation,07/08/2015 00:00:00
2015,Shaun The Sheep Movie,14/08/2015 00:00:00
2015,Vacation,14/08/2015 00:00:00
2015,Algorithms,21/08/2015 00:00:00
2015,Fantastic Four,21/08/2015 00:00:00
2015,Self/Less,21/08/2015 00:00:00
2015,Sinister 2,21/08/2015 00:00:00
2015,The Gift,21/08/2015 00:00:00
2015,A Walk In The Woods,28/08/2015 00:00:00
2015,"Crouching Tiger, Hidden Dragon: The Green Legend",28/08/2015 00:00:00
2015,No Escape,28/08/2015 00:00:00
2015,Ricki and The Flash,28/08/2015 00:00:00
2015,The Man From U.N.C.L.E.,28/08/2015 00:00:00
2015,Dinosaur & Wild Coaster,01/09/2015 00:00:00
2015,Hitman: Agent 47,04/09/2015 00:00:00
2015,Maleficent ,04/09/2015 00:00:00
2015,She's Funny That Way,04/09/2015 00:00:00
2015,The Path of Zarathustra,04/09/2015 00:00:00
2015,The Transporter Refueled,04/09/2015 00:00:00
2015,We Are Your Friends,11/09/2015 00:00:00
2015,Visions,17/09/2015 00:00:00
2015,Black Mass,18/09/2015 00:00:00
2015,Everest,18/09/2015 00:00:00
2015,Pawn Sacrifice,18/09/2015 00:00:00
2015,Survivor,18/09/2015 00:00:00
2015,Maze Runner: The Scorch Trials,25/09/2015 00:00:00
2015,The Intern,25/09/2015 00:00:00
2015,The Martian,02/10/2015 00:00:00
2015,Life of tree and Haunted Mine Ride,08/10/2015 00:00:00
2015,Straight Outta Compton,08/10/2015 00:00:00
2015,Dead Comes Alive,09/10/2015 00:00:00
2015,Kids Zoo,09/10/2015 00:00:00
2015,Pan,09/10/2015 00:00:00
2015,Sicario,09/10/2015 00:00:00
2015,The Taking of Tiger Mountain,09/10/2015 00:00:00
2015,The Walk,09/10/2015 00:00:00
2015,Bridge of Spies,16/10/2015 00:00:00
2015,Crimson Peak,16/10/2015 00:00:00
2015,Iceberg and the Track,16/10/2015 00:00:00
2015,End Of The World,17/10/2015 00:00:00
2015,10 Endrathukulla,21/10/2015 00:00:00
2015,Magic Box,22/10/2015 00:00:00
2015,Out Last,22/10/2015 00:00:00
2015,Red Alert,22/10/2015 00:00:00
2015,Scary Roller Coaster,22/10/2015 00:00:00
2015,Space Dogfight,22/10/2015 00:00:00
2015,The Last Witch Hunter,22/10/2015 00:00:00
2015,The Siege Assault,22/10/2015 00:00:00
2015,The World Wide,22/10/2015 00:00:00
2015,Ultimate Hunt,22/10/2015 00:00:00
2015,Wonderland Adventures,22/10/2015 00:00:00
2015,Rock The Kasbah,23/10/2015 00:00:00
2015,Knock Knock,29/10/2015 00:00:00
2015,Burnt,30/10/2015 00:00:00
2015,Captive,30/10/2015 00:00:00
2015,Goosebumps,30/10/2015 00:00:00
2015,Jem and the Holograms,30/10/2015 00:00:00
2015,Mountains May Depart,30/10/2015 00:00:00
2015,Paranormal Activity: The Ghost Dimension,30/10/2015 00:00:00
2015,Regression,30/10/2015 00:00:00
2015,Scouts vs. Zombies,30/10/2015 00:00:00
2015,Cop Car,06/11/2015 00:00:00
2015,Desires of the Heart,06/11/2015 00:00:00
2015,Dragon Ball Z: Resurrection 'F',06/11/2015 00:00:00
2015,Extinction,06/11/2015 00:00:00
2015,He Named Me Malala,06/11/2015 00:00:00
2015,Hotel Transylvania 2,06/11/2015 00:00:00
2015,Stonewall,06/11/2015 00:00:00
2015,The Visit ,06/11/2015 00:00:00
2015,Wrecker,06/11/2015 00:00:00
2015,Secret in Their Eyes,20/11/2015 00:00:00
2015,Spectre,20/11/2015 00:00:00
2015,Victor Frankenstein,25/11/2015 00:00:00
2015,Creed,27/11/2015 00:00:00
2015,The Hunger Games: Mockingjay - Part 2,27/11/2015 00:00:00
2015,XD + Ice Fighter,28/11/2015 00:00:00
2015,Dinosaurs Adventure + Pathfinder Snow,01/12/2015 00:00:00
2015,Don't Hang Up,01/12/2015 00:00:00
2015,Chi Raq,04/12/2015 00:00:00
2015,Criminal Activities,04/12/2015 00:00:00
2015,In the Heart of the Sea,04/12/2015 00:00:00
2015,Krampus,04/12/2015 00:00:00
2015,Legend ,04/12/2015 00:00:00
2015,The Good Dinosaur,04/12/2015 00:00:00
2015,Everly,11/12/2015 00:00:00
2015,Last Shift,11/12/2015 00:00:00
2015,Snoopy and Charlie Brown: The Peanuts Movie,11/12/2015 00:00:00
2015,The Ridiculous 6,11/12/2015 00:00:00
2015,Sisters,18/12/2015 00:00:00
2015,Galactic Bumper Car + Kids scary,22/12/2015 00:00:00
2015,Galactic Bumper Car + Scary,22/12/2015 00:00:00
2015,Galactic Bumper Car+ Horror,22/12/2015 00:00:00
2015,Galactic Bumper Cars + Adventure Show,22/12/2015 00:00:00
2015,"Bloody Road, Roller Coaster and Into the Nature",25/12/2015 00:00:00
2015,Star Wars: The Force Awakens,25/12/2015 00:00:00
2015,Haunted House,31/12/2015 00:00:00
2015,Suffragette,31/12/2015 00:00:00
2015,The Perfect Guy ,31/12/2015 00:00:00
2016,Daddy's Home,01/01/2016 00:00:00
2016,Monster Hunt,01/01/2016 00:00:00
2016,Point Break,01/01/2016 00:00:00
2016,Our Brand Is Crisis,08/01/2016 00:00:00
2016,Unlucky Plaza,08/01/2016 00:00:00
2016,Zombie Belle,08/01/2016 00:00:00
2016,Prehistoric Adventure,12/01/2016 00:00:00
2016,Prehistoric Adventure and Roller Coaster,12/01/2016 00:00:00
2016,Roller Coaster,12/01/2016 00:00:00
2016,13 hours - The Secret Soldiers of Benghazi,15/01/2016 00:00:00
2016,Alvin And The Chipmunks-The Road Chip,15/01/2016 00:00:00
2016,The 33,15/01/2016 00:00:00
2016,The Danish Girl,15/01/2016 00:00:00
2016,The Hateful Eight,15/01/2016 00:00:00
2016,End of the World (Rescue),16/01/2016 00:00:00
2016,Exposed,21/01/2016 00:00:00
2016,The Boy,21/01/2016 00:00:00
2016,Airfighter,22/01/2016 00:00:00
2016,American Ultra,22/01/2016 00:00:00
2016,Apartment 1303,22/01/2016 00:00:00
2016,Dark Places,22/01/2016 00:00:00
2016,Dirty Grandpa,22/01/2016 00:00:00
2016,Frank vs God,22/01/2016 00:00:00
2016,Joy,22/01/2016 00:00:00
2016,Miss You Already,22/01/2016 00:00:00
2016,Paper Planes,22/01/2016 00:00:00
2016,Paper Towns,22/01/2016 00:00:00
2016,The 5th Wave,22/01/2016 00:00:00
2016,The Diary Of A Teenage Girl,22/01/2016 00:00:00
2016,The Night Before,22/01/2016 00:00:00
2016,Trainwreck,22/01/2016 00:00:00
2016,"Horrific Track, Aero Bike, Air Attack",23/01/2016 00:00:00
2016,"Roller Coaster, Need for Speed, Jungle Adventure",23/01/2016 00:00:00
2016,Asterix: The Mansions of the Gods,29/01/2016 00:00:00
2016,By the Sea,29/01/2016 00:00:00
2016,Ride Along 2,29/01/2016 00:00:00
2016,Ride Show and Horror Show,29/01/2016 00:00:00
2016,Room,29/01/2016 00:00:00
2016,The Coffin Footage,29/01/2016 00:00:00
2016,The Fifth Wave,29/01/2016 00:00:00
2016,Franny,30/01/2016 00:00:00
2016,Between the Lines,01/02/2016 00:00:00
2016,Ride Show and Adventure Show,03/02/2016 00:00:00
2016,Dad's Army,05/02/2016 00:00:00
2016,"Hail, Caesar!",05/02/2016 00:00:00
2016,Haunted House,05/02/2016 00:00:00
2016,Ice fighter,05/02/2016 00:00:00
2016,Predator Attack,05/02/2016 00:00:00
2016,Steve Jobs,05/02/2016 00:00:00
2016,The Choice,05/02/2016 00:00:00
2016,The Finest Hours,05/02/2016 00:00:00
2016,#Horror,12/02/2016 00:00:00
2016,All Roads Lead To Rome,12/02/2016 00:00:00
2016,Deadpool,12/02/2016 00:00:00
2016,How to be Single,12/02/2016 00:00:00
2016,London Life,12/02/2016 00:00:00
2016,Trumbo,12/02/2016 00:00:00
2016,Zoolander 2,12/02/2016 00:00:00
2016,Queen of Spades: The Dark Rite,18/02/2016 00:00:00
2016,Pride and Prejudice and Zombies,19/02/2016 00:00:00
2016,Risen,19/02/2016 00:00:00
2016,Spotlight,19/02/2016 00:00:00
2016,Brooklyn ,26/02/2016 00:00:00
2016,Carol,26/02/2016 00:00:00
2016,Concussion,26/02/2016 00:00:00
2016,Gods of Egypt,26/02/2016 00:00:00
2016,The Revenant,26/02/2016 00:00:00
2016,45 Years,04/03/2016 00:00:00
2016,London Has Fallen,04/03/2016 00:00:00
2016,Neshima ,04/03/2016 00:00:00
2016,Whiskey Tango Foxtrot,04/03/2016 00:00:00
2016,Zootopia,04/03/2016 00:00:00
2016,Race,11/03/2016 00:00:00
2016,The Program,11/03/2016 00:00:00
2016,Triple 9,11/03/2016 00:00:00
2016,Truth,17/03/2016 00:00:00
2016,Bus 657,18/03/2016 00:00:00
2016,Eye In The Sky,18/03/2016 00:00:00
2016,Norm Of The North,18/03/2016 00:00:00
2016,The Big Short,18/03/2016 00:00:00
2016,The Monkey King,18/03/2016 00:00:00
2016,Sleeping With Other People,24/03/2016 00:00:00
2016,Batman v Superman: Dawn of Justice,25/03/2016 00:00:00
2016,Miracles From Heaven,25/03/2016 00:00:00
2016,The Brothers Grimsby,25/03/2016 00:00:00
2016,The Forest,25/03/2016 00:00:00
2016,The Witch,25/03/2016 00:00:00
2016,God's Not Dead 2,01/04/2016 00:00:00
2016,Green Room,01/04/2016 00:00:00
2016,Kung Fu Panda 3,01/04/2016 00:00:00
2016,The Divergent Series: Allegiant,01/04/2016 00:00:00
2016,High Flight,02/04/2016 00:00:00
2016,The Scorpion King ,02/04/2016 00:00:00
2016,Tomb Of Pharaoh,02/04/2016 00:00:00
2016,Demolition,08/04/2016 00:00:00
2016,Midnight Special,08/04/2016 00:00:00
2016,The Boss,08/04/2016 00:00:00
2016,The Jungle Book,08/04/2016 00:00:00
2016,Barbershop: The Next Cut,15/04/2016 00:00:00
2016,Before I Wake,15/04/2016 00:00:00
2016,Frankenstein Created Bikers,15/04/2016 00:00:00
2016,Hardcore Henry,15/04/2016 00:00:00
2016,Sky,15/04/2016 00:00:00
2016,The Possession Experiment,15/04/2016 00:00:00
2016,Where To Invade Next,21/04/2016 00:00:00
2016,A Hologram for the King,22/04/2016 00:00:00
2016,Eddie The Eagle,22/04/2016 00:00:00
2016,Everybody Wants Some,22/04/2016 00:00:00
2016,Mr. Right,22/04/2016 00:00:00
2016,Precious Cargo,22/04/2016 00:00:00
2016,Ratchet & Clank,22/04/2016 00:00:00
2016,The Huntsman: Winter's War,22/04/2016 00:00:00
2016,The Meddler,22/04/2016 00:00:00
2016,10 Cloverfield Lane,29/04/2016 00:00:00
2016,High Rise,29/04/2016 00:00:00
2016,Mother's Day,29/04/2016 00:00:00
2016,Papa Hemingway in Cuba,29/04/2016 00:00:00
2016,The Family Fang,29/04/2016 00:00:00
2016,The Man Who Knew Infinity,29/04/2016 00:00:00
2016,The Age Of Consequences,01/05/2016 00:00:00
2016,Captain America: Civil War,06/05/2016 00:00:00
2016,Elvis & Nixon,06/05/2016 00:00:00
2016,Mothers And Daughters,06/05/2016 00:00:00
2016,Criminal,13/05/2016 00:00:00
2016,Money Monster,13/05/2016 00:00:00
2016,My Big Fat Greek Wedding 2,13/05/2016 00:00:00
2016,Pele: Birth of a Legend,13/05/2016 00:00:00
2016,The Darkness,13/05/2016 00:00:00
2016,The Lobster,13/05/2016 00:00:00
2016,The Trust,13/05/2016 00:00:00
2016,Kindergarten Cop 2,17/05/2016 00:00:00
2016,Temple Run,17/05/2016 00:00:00
2016,Our Kind of Traitor,19/05/2016 00:00:00
2016,X-Men: Apocalypse,20/05/2016 00:00:00
2016,Equals,26/05/2016 00:00:00
2016,Alice Through The Looking Glass,27/05/2016 00:00:00
2016,Bobby (English),27/05/2016 00:00:00
2016,Destroy,27/05/2016 00:00:00
2016,Kill Zone 2,27/05/2016 00:00:00
2016,Love & Friendship,27/05/2016 00:00:00
2016,The Angry Birds Movie,27/05/2016 00:00:00
2016,The Handmaiden,01/06/2016 00:00:00
2016,Me Before You,03/06/2016 00:00:00
2016,Teenage Mutant Ninja Turtles 2,03/06/2016 00:00:00
2016,The Nice Guys,03/06/2016 00:00:00
2016,3 Headed Shark Attack,10/06/2016 00:00:00
2016,The Conjuring 2,10/06/2016 00:00:00
2016,Warcraft,10/06/2016 00:00:00
2016,Dinosaur Adventure + Forest Adventure,16/06/2016 00:00:00
2016,Forest Adventure + Terrific Dinosaurs,16/06/2016 00:00:00
2016,XD and The House of Dead,16/06/2016 00:00:00
2016,Awake: The Life of Yogananda,17/06/2016 00:00:00
2016,Central Intelligence,17/06/2016 00:00:00
2016,Colonia,17/06/2016 00:00:00
2016,Finding Dory,17/06/2016 00:00:00
2016,Lens,17/06/2016 00:00:00
2016,Now You See Me 2,17/06/2016 00:00:00
2016,Swiss Army Man,17/06/2016 00:00:00
2016,The Monkey King 2,17/06/2016 00:00:00
2016,The Neon Demon,18/06/2016 00:00:00
2016,Adult Life Skills,24/06/2016 00:00:00
2016,Independence Day: Resurgence,24/06/2016 00:00:00
2016,Free State of Jones,01/07/2016 00:00:00
2016,The Legend of Tarzan,01/07/2016 00:00:00
2016,Popstar: Never Stop Never Stopping,03/07/2016 00:00:00
2016,The Secret Life of Pets,06/07/2016 00:00:00
2016,Deep Hunter (2 Headed Shark Attack),08/07/2016 00:00:00
2016,Marauders,08/07/2016 00:00:00
2016,Mike And Dave Need Wedding Dates,08/07/2016 00:00:00
2016,Traded,08/07/2016 00:00:00
2016,Cell,15/07/2016 00:00:00
2016,Gods In Shackles,15/07/2016 00:00:00
2016,Ice Age: Collision Course,15/07/2016 00:00:00
2016,The Purge: Beginnings,15/07/2016 00:00:00
2016,Florence Foster Jenkins,18/07/2016 00:00:00
2016,Kicks,18/07/2016 00:00:00
2016,When the Bough Breaks,18/07/2016 00:00:00
2016,Yoga Hosers,18/07/2016 00:00:00
2016,Absolutely Fabulous: The Movie,22/07/2016 00:00:00
2016,Lights Out,22/07/2016 00:00:00
2016,Star Trek Beyond,22/07/2016 00:00:00
2016,Bad Moms,28/07/2016 00:00:00
2016,Ghostbusters,29/07/2016 00:00:00
2016,Indignation,29/07/2016 00:00:00
2016,Swallows and Amazons,29/07/2016 00:00:00
2016,The BFG,29/07/2016 00:00:00
2016,Viral,29/07/2016 00:00:00
2016,Jason Bourne,05/08/2016 00:00:00
2016,Kingsglaive: Final Fantasy XV,05/08/2016 00:00:00
2016,Sausage Party,05/08/2016 00:00:00
2016,Suicide Squad,05/08/2016 00:00:00
2016,Hell or High Water,11/08/2016 00:00:00
2016,Cafe Society,12/08/2016 00:00:00
2016,Spectral,12/08/2016 00:00:00
2016,The Hollars,12/08/2016 00:00:00
2016,Pete's Dragon,18/08/2016 00:00:00
2016,Ben-Hur,19/08/2016 00:00:00
2016,David Brent: Life On The Road,19/08/2016 00:00:00
2016,Jessica Darling's It List,19/08/2016 00:00:00
2016,Kubo And The Two Strings,19/08/2016 00:00:00
2016,The Purge Election Year,19/08/2016 00:00:00
2016,unINDIAN,19/08/2016 00:00:00
2016,War Dogs,19/08/2016 00:00:00
2016,Blood Father,25/08/2016 00:00:00
2016,Mechanic: Resurrection,25/08/2016 00:00:00
2016,Edge Of Winter,26/08/2016 00:00:00
2016,"I, Daniel Blake",26/08/2016 00:00:00
2016,Kickboxer: Vengeance,26/08/2016 00:00:00
2016,Max Rose,26/08/2016 00:00:00
2016,Nine Lives,26/08/2016 00:00:00
2016,Rescue,26/08/2016 00:00:00
2016,The Standoff,26/08/2016 00:00:00
2016,Cosmic Quiz,27/08/2016 00:00:00
2016,Dark Matter,27/08/2016 00:00:00
2016,Dino Planet,27/08/2016 00:00:00
2016,"Gopal,Prince of Cow's Planet",27/08/2016 00:00:00
2016,On the Blue Planet,27/08/2016 00:00:00
2016,Two Pieces Of Small Glass,27/08/2016 00:00:00
2016,Brotherhood,29/08/2016 00:00:00
2016,Antibirth,02/09/2016 00:00:00
2016,Dinosaur And Crazy Snowmobile,02/09/2016 00:00:00
2016,Don't Breathe,02/09/2016 00:00:00
2016,House of Dead And Wild coaster,02/09/2016 00:00:00
2016,Morgan,02/09/2016 00:00:00
2016,Skiptrace,02/09/2016 00:00:00
2016,The 9th Life of Louis Drax,02/09/2016 00:00:00
2016,Brother Nature,09/09/2016 00:00:00
2016,Denial,09/09/2016 00:00:00
2016,Forest Adventure,09/09/2016 00:00:00
2016,In Dubious Battle,09/09/2016 00:00:00
2016,Roller Coaster,09/09/2016 00:00:00
2016,Sully,09/09/2016 00:00:00
2016,Rokto,15/09/2016 00:00:00
2016,31,16/09/2016 00:00:00
2016,Anthropoid,16/09/2016 00:00:00
2016,Blair Witch,16/09/2016 00:00:00
2016,Dirty 30,16/09/2016 00:00:00
2016,Hunt For The Wilderpeople,16/09/2016 00:00:00
2016,Is That a Gun in Your Pocket?,16/09/2016 00:00:00
2016,Ithaca,16/09/2016 00:00:00
2016,Other People,16/09/2016 00:00:00
2016,Robinson Crusoe,16/09/2016 00:00:00
2016,Snowden,16/09/2016 00:00:00
2016,Spin Out,16/09/2016 00:00:00
2016,The Edge Of Seventeen,16/09/2016 00:00:00
2016,The Girl With All The Gifts,16/09/2016 00:00:00
2016,The Light Between Oceans,16/09/2016 00:00:00
2016,The Night Watchmen,16/09/2016 00:00:00
2016,The Shallows,16/09/2016 00:00:00
2016,The Whole Truth,21/09/2016 00:00:00
2016,Havenhurst,22/09/2016 00:00:00
2016,Bridget Jones's Baby,23/09/2016 00:00:00
2016,End Of A Gun,23/09/2016 00:00:00
2016,Goat,23/09/2016 00:00:00
2016,Howl,23/09/2016 00:00:00
2016,I. T.,23/09/2016 00:00:00
2016,India In A Day,23/09/2016 00:00:00
2016,Slasher.com,23/09/2016 00:00:00
2016,Storks,23/09/2016 00:00:00
2016,The Dressmaker,23/09/2016 00:00:00
2016,The Magnificent Seven,23/09/2016 00:00:00
2016,Unnerved,23/09/2016 00:00:00
2016,Dog Eat Dog,30/09/2016 00:00:00
2016,The Windmill,30/09/2016 00:00:00
2016,Good Kids,06/10/2016 00:00:00
2016,American Pastoral,07/10/2016 00:00:00
2016,Miss Peregrine's Home for Peculiar Children,07/10/2016 00:00:00
2016,Monster High,07/10/2016 00:00:00
2016,Queen of Katwe,07/10/2016 00:00:00
2016,The Birth of A Nation,07/10/2016 00:00:00
2016,The Greasy Strangler,07/10/2016 00:00:00
2016,The Matchbreaker,07/10/2016 00:00:00
2016,Under The Shadow,07/10/2016 00:00:00
2016,Within,07/10/2016 00:00:00
2016,Lace Crater,13/10/2016 00:00:00
2016,A United Kingdom,14/10/2016 00:00:00
2016,American Honey,14/10/2016 00:00:00
2016,Certain Women,14/10/2016 00:00:00
2016,Christine,14/10/2016 00:00:00
2016,Happy Birthday,14/10/2016 00:00:00
2016,Inferno,14/10/2016 00:00:00
2016,Jack Goes Home,14/10/2016 00:00:00
2016,Lets Be Evil,14/10/2016 00:00:00
2016,Masterminds,14/10/2016 00:00:00
2016,Priceless,14/10/2016 00:00:00
2016,Rules Don't Apply,14/10/2016 00:00:00
2016,The Accountant,14/10/2016 00:00:00
2016,The Creature Below,14/10/2016 00:00:00
2016,The Girl on the Train,14/10/2016 00:00:00
2016,Hurricane Bianca,16/10/2016 00:00:00
2016,Adventures Of The Jet Cat,19/10/2016 00:00:00
2016,Crazy Snow Mobile,19/10/2016 00:00:00
2016,Terrific Dinasaur,19/10/2016 00:00:00
2016,Brothers Of The Wind,20/10/2016 00:00:00
2016,The Mermaid Princess,20/10/2016 00:00:00
2016,Jack Reacher: Never Go Back,21/10/2016 00:00:00
2016,Life Flows On,21/10/2016 00:00:00
2016,Sacrifice,21/10/2016 00:00:00
2016,Shaolin,21/10/2016 00:00:00
2016,Train To Busan,21/10/2016 00:00:00
2016,Wolves At The Door,21/10/2016 00:00:00
2016,The Unspoken,28/10/2016 00:00:00
2016,Before the Flood,30/10/2016 00:00:00
2016,Gehenna: Where Death Lives,31/10/2016 00:00:00
2016,Son of Saul,03/11/2016 00:00:00
2016,A Street Cat Named Bob,04/11/2016 00:00:00
2016,Army Of One,04/11/2016 00:00:00
2016,Bad Santa 2,04/11/2016 00:00:00
2016,Doctor Strange,04/11/2016 00:00:00
2016,Mr. Church,04/11/2016 00:00:00
2016,Trolls,04/11/2016 00:00:00
2016,Billy Lynn's Long Halftime Walk,11/11/2016 00:00:00
2016,Desierto,11/11/2016 00:00:00
2016,Elle,11/11/2016 00:00:00
2016,Equity,11/11/2016 00:00:00
2016,Finding Altamira,11/11/2016 00:00:00
2016,Almost Christmas,18/11/2016 00:00:00
2016,Boonville Redemption,18/11/2016 00:00:00
2016,Fantastic Beasts And Where To Find Them,18/11/2016 00:00:00
2016,Loving,18/11/2016 00:00:00
2016,Manchester By The Sea,18/11/2016 00:00:00
2016,Shut In,18/11/2016 00:00:00
2016,The Take,18/11/2016 00:00:00
2016,Arrival,25/11/2016 00:00:00
2016,As You Are,25/11/2016 00:00:00
2016,Beyond Skyline,25/11/2016 00:00:00
2016,I Am Not A Serial Killer,25/11/2016 00:00:00
2016,King Cobra,25/11/2016 00:00:00
2016,Nerve,25/11/2016 00:00:00
2016,City of Dead Men,02/12/2016 00:00:00
2016,Imperium,02/12/2016 00:00:00
2016,Moana,02/12/2016 00:00:00
2016,The Eyes of My Mother,02/12/2016 00:00:00
2016,The Love Witch,02/12/2016 00:00:00
2016,The Sea of Trees,02/12/2016 00:00:00
2016,Underworld: Blood Wars,02/12/2016 00:00:00
2016,Deepwater Horizon,09/12/2016 00:00:00
2016,Hands Of Stone,09/12/2016 00:00:00
2016,Kill Ratio,09/12/2016 00:00:00
2016,La La Land,09/12/2016 00:00:00
2016,Office Christmas Party,09/12/2016 00:00:00
2016,Alone In Berlin,16/12/2016 00:00:00
2016,Collateral Beauty,16/12/2016 00:00:00
2016,Don't Think Twice,16/12/2016 00:00:00
2016,Exit Thread,16/12/2016 00:00:00
2016,Hacksaw Ridge,16/12/2016 00:00:00
2016,Man Down,16/12/2016 00:00:00
2016,Paterson,16/12/2016 00:00:00
2016,Rogue One: A Star Wars Story,16/12/2016 00:00:00
2016,The Hollow Point,16/12/2016 00:00:00
2016,Dangal,23/12/2016 00:00:00
2016,The Great Gilly Hopkins,23/12/2016 00:00:00
2016,Assassin's Creed,30/12/2016 00:00:00
2016,Sing,30/12/2016 00:00:00
2016,Snow Ride and Horror Show,30/12/2016 00:00:00
2017,DONT USE,01/01/2017 00:00:00
2017,Surgical Strike,01/01/2017 00:00:00
2017,Art Universe,03/01/2017 00:00:00
2017,Chiang Mai Deep Trip,03/01/2017 00:00:00
2017,Magic Island,03/01/2017 00:00:00
2017,Rosetta,03/01/2017 00:00:00
2017,Samskara,03/01/2017 00:00:00
2017,Solar System: A Wonderful Journey,03/01/2017 00:00:00
2017,The Snowflake Adventure,03/01/2017 00:00:00
2017,Threat From Space,03/01/2017 00:00:00
2017,Treasures Of The Universe,03/01/2017 00:00:00
2017,100 Streets,06/01/2017 00:00:00
2017,A Monster Calls,06/01/2017 00:00:00
2017,Allied,06/01/2017 00:00:00
2017,Friend Request,06/01/2017 00:00:00
2017,Goon: Last of the Enforcers,06/01/2017 00:00:00
2017,Nocturnal Animals,06/01/2017 00:00:00
2017,Passengers,06/01/2017 00:00:00
2017,The Autopsy of Jane Doe,06/01/2017 00:00:00
2017,Live By Night,13/01/2017 00:00:00
2017,Monster Trucks,13/01/2017 00:00:00
2017,xXx: Return Of Xander Cage,14/01/2017 00:00:00
2017,Boyka: Undisputed,17/01/2017 00:00:00
2017,The Bye Bye Man,20/01/2017 00:00:00
2017,The Crew,20/01/2017 00:00:00
2017,The Founder,20/01/2017 00:00:00
2017,Dinosaur Adventure,03/02/2017 00:00:00
2017,Kung Fu Yoga,03/02/2017 00:00:00
2017,Miss Sloane,03/02/2017 00:00:00
2017,Resident Evil: The Final Chapter,03/02/2017 00:00:00
2017,The Great Wall,03/02/2017 00:00:00
2017,The House of Dead Horror,03/02/2017 00:00:00
2017,Why Him?,03/02/2017 00:00:00
2017,Rings,10/02/2017 00:00:00
2017,The Space Between Us,10/02/2017 00:00:00
2017,A Cure For Wellness,17/02/2017 00:00:00
2017,Hidden Figures,17/02/2017 00:00:00
2017,John Wick 2,17/02/2017 00:00:00
2017,Moonlight,17/02/2017 00:00:00
2017,Silence,17/02/2017 00:00:00
2017,The LEGO Batman Movie,17/02/2017 00:00:00
2017,Jackie,23/02/2017 00:00:00
2017,Get Out,24/02/2017 00:00:00
2017,Guardians The Superheroes,24/02/2017 00:00:00
2017,"Life, Animated",24/02/2017 00:00:00
2017,Lion,24/02/2017 00:00:00
2017,Split,24/02/2017 00:00:00
2017,Veeram,24/02/2017 00:00:00
2017,Flight of Fancy,27/02/2017 00:00:00
2017,Logan,03/03/2017 00:00:00
2017,Patriots Day,03/03/2017 00:00:00
2017,Kong: Skull Island,10/03/2017 00:00:00
2017,Anon,15/03/2017 00:00:00
2017,Beauty And The Beast,17/03/2017 00:00:00
2017,Before I Fall,17/03/2017 00:00:00
2017,Mantra,17/03/2017 00:00:00
2017,CHIPS,24/03/2017 00:00:00
2017,Life,24/03/2017 00:00:00
2017,Little Hours,30/03/2017 00:00:00
2017,A Dog's Purpose,31/03/2017 00:00:00
2017,A Last Conjuring,31/03/2017 00:00:00
2017,Power Rangers,31/03/2017 00:00:00
2017,The Boss Baby,31/03/2017 00:00:00
2017,The Salesman (Farsi with Eng subs),31/03/2017 00:00:00
2017,Colossal,07/04/2017 00:00:00
2017,Ghost In The Shell,07/04/2017 00:00:00
2017,Going in Style,07/04/2017 00:00:00
2017,Kaatru Veliyidai,07/04/2017 00:00:00
2017,Mine,07/04/2017 00:00:00
2017,Planet of Avatar,07/04/2017 00:00:00
2017,The Bodyguard,07/04/2017 00:00:00
2017,Their Finest,07/04/2017 00:00:00
2017,Fast And Furious 8,13/04/2017 00:00:00
2017,Aftermath,14/04/2017 00:00:00
2017,Lighthouse Keeper,14/04/2017 00:00:00
2017,Railroad Tigers,14/04/2017 00:00:00
2017,Stagecoach: The Texas Jack Story,14/04/2017 00:00:00
2017,Smurfs: The Lost Village,21/04/2017 00:00:00
2017,Sonata,21/04/2017 00:00:00
2017,The Zookeeper's Wife,21/04/2017 00:00:00
2017,Unforgettable,21/04/2017 00:00:00
2017,Sleight,28/04/2017 00:00:00
2017,The Promise,28/04/2017 00:00:00
2017,Voice From The Stone,28/04/2017 00:00:00
2017,Guardians of the Galaxy Vol. 2,05/05/2017 00:00:00
2017,Alien: Covenant,12/05/2017 00:00:00
2017,Diary of a Wimpy Kid:The Long Haul,12/05/2017 00:00:00
2017,King Arthur: Legend of the Sword,12/05/2017 00:00:00
2017,The Lovers,12/05/2017 00:00:00
2017,Devil's Domain,19/05/2017 00:00:00
2017,"Everything, Everything",19/05/2017 00:00:00
2017,The Circle,19/05/2017 00:00:00
2017,The Sense of An Ending,19/05/2017 00:00:00
2017,Pirates of the Caribbean: Salazar's Revenge,26/05/2017 00:00:00
2017,Sachin: A Billion Dreams,26/05/2017 00:00:00
2017,The Lost City Of Z,26/05/2017 00:00:00
2017,A Death In The Gunj,02/06/2017 00:00:00
2017,Baywatch,02/06/2017 00:00:00
2017,Wonder Woman,02/06/2017 00:00:00
2017,The Truman Show,05/06/2017 00:00:00
2017,Le Musk,09/06/2017 00:00:00
2017,My Cousin Rachel,09/06/2017 00:00:00
2017,The Mummy,09/06/2017 00:00:00
2017,World War Z 2,09/06/2017 00:00:00
2017,Bodom,15/06/2017 00:00:00
2017,All Eyez On Me,16/06/2017 00:00:00
2017,Cars 3 ,16/06/2017 00:00:00
2017,Despicable Me 3,16/06/2017 00:00:00
2017,Hunter's Prayer,16/06/2017 00:00:00
2017,Once Upon a Time in Venice,16/06/2017 00:00:00
2017,Rough Night,16/06/2017 00:00:00
2017,The Book of Henry,16/06/2017 00:00:00
2017,Life 70mm: The Only Way Out Is In,21/06/2017 00:00:00
2017,47 Meters Down,23/06/2017 00:00:00
2017,Ripped,23/06/2017 00:00:00
2017,The Bad Batch,23/06/2017 00:00:00
2017,The Beguiled,23/06/2017 00:00:00
2017,Baby Driver,30/06/2017 00:00:00
2017,Dead Awake,30/06/2017 00:00:00
2017,The Big Sick,30/06/2017 00:00:00
2017,The House,30/06/2017 00:00:00
2017,Transformers: The Last Knight,30/06/2017 00:00:00
2017,Free Fire,07/07/2017 00:00:00
2017,Incarnate,07/07/2017 00:00:00
2017,It Comes at Night,07/07/2017 00:00:00
2017,Ouija 2,07/07/2017 00:00:00
2017,Prevenge,07/07/2017 00:00:00
2017,Same Kind of Different as Me,07/07/2017 00:00:00
2017,Spider-Man: Homecoming,07/07/2017 00:00:00
2017,Dont Use,14/07/2017 00:00:00
2017,Keeping Up With the Joneses,14/07/2017 00:00:00
2017,Outlaws And Angels,14/07/2017 00:00:00
2017,War for the Planet of the Apes,14/07/2017 00:00:00
2017,Hampstead,20/07/2017 00:00:00
2017,Dunkirk,21/07/2017 00:00:00
2017,The Black Prince,21/07/2017 00:00:00
2017,Arsenal,28/07/2017 00:00:00
2017,Berlin Syndrome,28/07/2017 00:00:00
2017,Max Steel,28/07/2017 00:00:00
2017,Solar Eclipse: Depth of Darkness,28/07/2017 00:00:00
2017,Trespass Against Us,28/07/2017 00:00:00
2017,USS Indianapolis: Men of Courage,28/07/2017 00:00:00
2017,Valerian and the City of a Thousand Planets,28/07/2017 00:00:00
2017,Atomic Blonde,11/08/2017 00:00:00
2017,Forest Coaster & Jack and Cat,11/08/2017 00:00:00
2017,Megan Leavey,11/08/2017 00:00:00
2017,The Emoji Movie,11/08/2017 00:00:00
2017,Annabelle: Creation,15/08/2017 00:00:00
2017,The Operative,18/08/2017 00:00:00
2017,Viceroy's House,18/08/2017 00:00:00
2017, YADVI- The Dignified Princess,25/08/2017 00:00:00
2017,An Inconvenient Sequel: Truth To Power,25/08/2017 00:00:00
2017,Birth of the Dragon,25/08/2017 00:00:00
2017,The Dark Tower,25/08/2017 00:00:00
2017,The Hitman's Bodyguard,25/08/2017 00:00:00
2017,Kidnap,31/08/2017 00:00:00
2017,Marvel's Inhumans,01/09/2017 00:00:00
2017,Replace,02/09/2017 00:00:00
2017,IT,08/09/2017 00:00:00
2017,Logan Lucky,08/09/2017 00:00:00
2017,One Heart: The A.R. Rahman Concert Film,08/09/2017 00:00:00
2017,The Nut Job 2: Nutty by Nature,08/09/2017 00:00:00
2017,Mother!,13/09/2017 00:00:00
2017,American Assassin,15/09/2017 00:00:00
2017,Terminator 2: Judgment Day,15/09/2017 00:00:00
2017,Lady Macbeth,21/09/2017 00:00:00
2017,Kingsman: The Golden Circle,22/09/2017 00:00:00
2017,Woodshock,22/09/2017 00:00:00
2017,Cause A Wizard & Dinosaur Era,23/09/2017 00:00:00
2017,The Wolf of Wall Street ,27/09/2017 00:00:00
2017,American Made,29/09/2017 00:00:00
2017,Birth of the Dragon,29/09/2017 00:00:00
2017,Blade Runner 2049,06/10/2017 00:00:00
2017,The Crucifixion,06/10/2017 00:00:00
2017,The Lego Ninjago Movie,06/10/2017 00:00:00
2017,David Gilmour Live At Pompeii,13/10/2017 00:00:00
2017,Dont Use,13/10/2017 00:00:00
2017,Happy Death Day,13/10/2017 00:00:00
2017,The Colour of Darkness,13/10/2017 00:00:00
2017,The Foreigner,13/10/2017 00:00:00
2017,Victoria and Abdul,13/10/2017 00:00:00
2017, Loving Vincent,27/10/2017 00:00:00
2017,Breathe,27/10/2017 00:00:00
2017,Geostorm,27/10/2017 00:00:00
2017,The Snowman,27/10/2017 00:00:00
2017,Brother Orange,03/11/2017 00:00:00
2017,Good Time,03/11/2017 00:00:00
2017,The Nanny,03/11/2017 00:00:00
2017,Thor: Ragnarok,03/11/2017 00:00:00
2017,A Bad Moms Christmas,10/11/2017 00:00:00
2017,Amityville: The Awakening,10/11/2017 00:00:00
2017,My Little Pony,10/11/2017 00:00:00
2017,The Mountain Between Us,10/11/2017 00:00:00
2017,Roller Coaster,16/11/2017 00:00:00
2017,Justice League,17/11/2017 00:00:00
2017,Maudie,17/11/2017 00:00:00
2017,Coco,24/11/2017 00:00:00
2017,Let It Snow,24/11/2017 00:00:00
2017,Murder on the Orient Express,24/11/2017 00:00:00
2017,Security,24/11/2017 00:00:00
2017,Singularity (2017),24/11/2017 00:00:00
2017,Thank You For Your Service,24/11/2017 00:00:00
2017,Bleed For This,30/11/2017 00:00:00
2017,Absurdistan,01/12/2017 00:00:00
2017,Candyflip,01/12/2017 00:00:00
2017,Finders Keepers,01/12/2017 00:00:00
2017,Suburbicon,01/12/2017 00:00:00
2017,Wonder,01/12/2017 00:00:00
2017,Wonder Wheel,01/12/2017 00:00:00
2017,Anna Karenina Vronskys Story,08/12/2017 00:00:00
2017,Borg McEnroe,08/12/2017 00:00:00
2017,Daddy's Home 2,08/12/2017 00:00:00
2017,Just Getting Started,08/12/2017 00:00:00
2017,Mark Felt,08/12/2017 00:00:00
2017,November Criminals,08/12/2017 00:00:00
2017,Paris Can Wait,08/12/2017 00:00:00
2017,Rebel in the Rye,08/12/2017 00:00:00
2017,Unlocked,08/12/2017 00:00:00
2017,Ferdinand,15/12/2017 00:00:00
2017,Hare Krishna,15/12/2017 00:00:00
2017,Star Wars: The Last Jedi,15/12/2017 00:00:00
2017,Ghost Town & Trike Coaster,16/12/2017 00:00:00
2017,Overspeed Fly & Horrific Track,16/12/2017 00:00:00
2017,Ballerina,29/12/2017 00:00:00
2017,Bitter Harvest,29/12/2017 00:00:00
2017,Boo! A Madea Halloween,29/12/2017 00:00:00
2017,Brawl in Cell Block 99,29/12/2017 00:00:00
2017,Captain Underpants: The First Epic Movie,29/12/2017 00:00:00
2017,Crossbreed,29/12/2017 00:00:00
2017,Death House,29/12/2017 00:00:00
2017,Detour,29/12/2017 00:00:00
2017,Don't Knock Twice,29/12/2017 00:00:00
2017,Fences,29/12/2017 00:00:00
2017,Gold,29/12/2017 00:00:00
2017,Jumanji: Welcome To The Jungle,29/12/2017 00:00:00
2017,Lavender,29/12/2017 00:00:00
2017,Officer Downe,29/12/2017 00:00:00
2017,Red Eye,29/12/2017 00:00:00
2017,Run the Tide,29/12/2017 00:00:00
2017,Sleepless,29/12/2017 00:00:00
2017,T2: Trainspotting 2,29/12/2017 00:00:00
2017,Table 19,29/12/2017 00:00:00
2017,The Greatest Showman,29/12/2017 00:00:00
2017,Wilson,29/12/2017 00:00:00
2017,Bloodrunners,31/12/2017 00:00:00
2017,Fist Fight,31/12/2017 00:00:00
2017,Flatliners,31/12/2017 00:00:00
2017,Gifted,31/12/2017 00:00:00
2017,Home Again,31/12/2017 00:00:00
2017,Jungle,31/12/2017 00:00:00
2017,Molly's Game,31/12/2017 00:00:00
2017,Only the Brave,31/12/2017 00:00:00
2017,Rock Dog,31/12/2017 00:00:00
2017,Salt And Fire,31/12/2017 00:00:00
2017,The Man Who Invented Christmas,31/12/2017 00:00:00
2017,Wild Roller Coaster,31/12/2017 00:00:00
2018,All the Money in the World,05/01/2018 00:00:00
2018,Insidious: The Last Key,05/01/2018 00:00:00
2018,Pitch Perfect 3,05/01/2018 00:00:00
2018,Downsizing,12/01/2018 00:00:00
2018,Paddington 2,12/01/2018 00:00:00
2018,The Post,12/01/2018 00:00:00
2018,Wish Upon,12/01/2018 00:00:00
2018,12 STRONG,19/01/2018 00:00:00
2018,Darkest Hour,19/01/2018 00:00:00
2018,The Commuter,19/01/2018 00:00:00
2018,Bleeding Steel,02/02/2018 00:00:00
2018,Den of Thieves,02/02/2018 00:00:00
2018,Maze Runner: The Death Cure,02/02/2018 00:00:00
2018,Phantom Thread,02/02/2018 00:00:00
2018,The 15:17 to Paris,09/02/2018 00:00:00
2018,The Boy and The World,09/02/2018 00:00:00
2018,Black Panther,16/02/2018 00:00:00
2018,Hostiles,16/02/2018 00:00:00
2018,The Shape of Water,16/02/2018 00:00:00
2018,The Window,16/02/2018 00:00:00
2018, Placebo Love Story,23/02/2018 00:00:00
2018,Game Night,23/02/2018 00:00:00
2018,"Three Billboards Outside Ebbing, Missouri",23/02/2018 00:00:00
2018,Death Wish,02/03/2018 00:00:00
2018,Lady Bird,02/03/2018 00:00:00
2018,Red Sparrow,02/03/2018 00:00:00
2018,Snowtime (3D),02/03/2018 00:00:00
2018,Hurricane Heist,09/03/2018 00:00:00
2018,The Argumentative Indian,09/03/2018 00:00:00
2018,Tomb Raider,09/03/2018 00:00:00
2018,Gringo,15/03/2018 00:00:00
2018,7 Days In Entebbe,16/03/2018 00:00:00
2018,The Square,16/03/2018 00:00:00
2018,24 Hours to Live,19/03/2018 00:00:00
2018,do not use,23/03/2018 00:00:00
2018,Mary Magdalene,23/03/2018 00:00:00
2018,Pacific Rim Uprising,23/03/2018 00:00:00
2018,Strangers: Prey at Night,23/03/2018 00:00:00
2018,Unsane,23/03/2018 00:00:00
2018,Ready Player One,29/03/2018 00:00:00
2018,Jigsaw,30/03/2018 00:00:00
2018,Ready Player One,30/03/2018 00:00:00
2018,The Florida Project,30/03/2018 00:00:00
2018,The Last Movie Star,30/03/2018 00:00:00
2018,The Valley,30/03/2018 00:00:00
2018, A Quiet Place,06/04/2018 00:00:00
2018,Basmati Blues,06/04/2018 00:00:00
2018,Midnight Sun,06/04/2018 00:00:00
2018,Monster Hunt 2,06/04/2018 00:00:00
2018,Peter Rabbit,06/04/2018 00:00:00
2018,An Ordinary Man,13/04/2018 00:00:00
2018,Rampage,13/04/2018 00:00:00
2018,Marrowbone,20/04/2018 00:00:00
2018,Project Papa,20/04/2018 00:00:00
2018,Submergence,20/04/2018 00:00:00
2018,Truth or Dare,20/04/2018 00:00:00
2018,Avengers: Infinity War,27/04/2018 00:00:00
2018,Blue Planet II: One Ocean & The Deep,18/05/2018 00:00:00
2018,Deadpool 2,18/05/2018 00:00:00
2018,The Escape of Prisoner 614,18/05/2018 00:00:00
2018,Blazing Samurai,25/05/2018 00:00:00
2018,Book Club,25/05/2018 00:00:00
2018,Solo: A Star Wars Story,25/05/2018 00:00:00
2018,Michelangelo Love & Death,26/05/2018 00:00:00
2018,Action Point,01/06/2018 00:00:00
2018,"Love, Simon",01/06/2018 00:00:00
2018,Richard The Lionheart Rebellion ,01/06/2018 00:00:00
2018,You Were Never Really Here,01/06/2018 00:00:00
2018,Jurassic World: Fallen Kingdom,07/06/2018 00:00:00
2018,Leonardo,09/06/2018 00:00:00
2018,Hereditary,21/06/2018 00:00:00
2018,Dont Use,22/06/2018 00:00:00
2018,Incredibles 2,22/06/2018 00:00:00
2018,Ocean's 8,22/06/2018 00:00:00
2018,Escape Plan 2: Hades,29/06/2018 00:00:00
2018,Colours of Life,06/07/2018 00:00:00
2018,For Here Or To Go?,06/07/2018 00:00:00
2018,Isle of Dogs,06/07/2018 00:00:00
2018,Sicario: Day of the Soldado,06/07/2018 00:00:00
2018,TAG,06/07/2018 00:00:00
2018,Uncle Drew,06/07/2018 00:00:00
2018,Ant-Man and the Wasp,13/07/2018 00:00:00
2018,Hotel Artemis,13/07/2018 00:00:00
2018,Hotel Transylvania 3: A Monster Vacation,20/07/2018 00:00:00
2018,Skyscraper,20/07/2018 00:00:00
2018,Mission: Impossible - Fallout,27/07/2018 00:00:00
2018,Teen Titans Go! To the Movies,27/07/2018 00:00:00
2018,Muse Drones World Tour,29/07/2018 00:00:00
2018,Adrift,03/08/2018 00:00:00
2018,Mamma Mia! Here We Go Again,03/08/2018 00:00:00
2018,Summer Holidays,03/08/2018 00:00:00
2018,The Darkest Minds,03/08/2018 00:00:00
2018,Christopher Robin,10/08/2018 00:00:00
2018,The Meg,10/08/2018 00:00:00
2018,The Spy Who Dumped Me,10/08/2018 00:00:00
2018,Vincent Van Gogh - A New Way of Seeing,11/08/2018 00:00:00
2018,Alpha,24/08/2018 00:00:00
2018,Blue Jean Blues,24/08/2018 00:00:00
2018,Mile 22,24/08/2018 00:00:00
2018,The Stolen Princess,24/08/2018 00:00:00
2018,Papillon,31/08/2018 00:00:00
2018,Renegades,31/08/2018 00:00:00
2018,Searching,31/08/2018 00:00:00
2018,Terrific Dinosaur and Wild Coaster,31/08/2018 00:00:00
2018,The Answer,31/08/2018 00:00:00
2018,The House of Dead and Zombie Train,31/08/2018 00:00:00
2018,The Nun,07/09/2018 00:00:00
2018,The Predator,13/09/2018 00:00:00
2018,Destination Wedding,14/09/2018 00:00:00
2018,India vs Pakistan Match Screening (Asia Cup),19/09/2018 00:00:00
2018,Early Man,21/09/2018 00:00:00
2018,III Smoking Barrels,21/09/2018 00:00:00
2018,The Equalizer 2,21/09/2018 00:00:00
2018,The House With A Clock In Its Walls,21/09/2018 00:00:00
2018,Cristiano Ronaldo - The World At His Feet,22/09/2018 00:00:00
2018,City of Lies,28/09/2018 00:00:00
2018,Johnny English Strikes Again,28/09/2018 00:00:00
2018,Night School,28/09/2018 00:00:00
2018,Old Man & The Gun,28/09/2018 00:00:00
2018,Peppermint,28/09/2018 00:00:00
2018,Slender Man,28/09/2018 00:00:00
2018,Smallfoot,28/09/2018 00:00:00
2018,The First Purge,28/09/2018 00:00:00
2018,A Star Is Born,05/10/2018 00:00:00
2018,Bad Times At The El Royale,05/10/2018 00:00:00
2018,Venom,05/10/2018 00:00:00
2018,First Man,12/10/2018 00:00:00
2018,Friends In Law,13/10/2018 00:00:00
2018,Can You Ever Forgive Me?,19/10/2018 00:00:00
2018,Mowgli,19/10/2018 00:00:00
2018,The Hate U Give,19/10/2018 00:00:00
2018,Crazy Rich Asians,26/10/2018 00:00:00
2018,Goosebumps 2: Haunted Halloween,26/10/2018 00:00:00
2018,Halloween,26/10/2018 00:00:00
2018,Hunter Killer,26/10/2018 00:00:00
2018,Kin,26/10/2018 00:00:00
2018,Patient Zero,26/10/2018 00:00:00
2018,Puzzle,26/10/2018 00:00:00
2018,Reprisal,26/10/2018 00:00:00
2018,White Boy Rick,31/10/2018 00:00:00
2018, X-Men: Dark Phoenix,02/11/2018 00:00:00
2018,A Private War,02/11/2018 00:00:00
2018,Bohemian Rhapsody,02/11/2018 00:00:00
2018,The Nutcracker and the Four Realms,02/11/2018 00:00:00
2018,Overlord,09/11/2018 00:00:00
2018,The Grinch,09/11/2018 00:00:00
2018,Fantastic Beasts: The Crimes of Grindelwald,16/11/2018 00:00:00
2018,Widows,16/11/2018 00:00:00
2018, Robin Hood,21/11/2018 00:00:00
2018,Second Act,21/11/2018 00:00:00
2018,Welcome to Marwen,21/11/2018 00:00:00
2018,Blaze,23/11/2018 00:00:00
2018,Ralph Breaks The Internet: Wreck it Ralph 2,23/11/2018 00:00:00
2018,The Girl In The Spider's Web,23/11/2018 00:00:00
2018,Cadaver,29/11/2018 00:00:00
2018,A Simple Favor,30/11/2018 00:00:00
2018,Creed 2,30/11/2018 00:00:00
2018,Serenity,30/11/2018 00:00:00
2018,The Wedding Guest,30/11/2018 00:00:00
2018,Best F(R)Iends,07/12/2018 00:00:00
2018,Keep Watching,07/12/2018 00:00:00
2018,LAbyrinth,07/12/2018 00:00:00
2018,Personal Shopper,07/12/2018 00:00:00
2018,The Disappointments Room,07/12/2018 00:00:00
2018,Under the Silver Lake,07/12/2018 00:00:00
2018,Aquaman,14/12/2018 00:00:00
2018,Holmes and Watson,14/12/2018 00:00:00
2018,Mortal Engines,14/12/2018 00:00:00
2018,Spider-Man: Into The Spider-Verse,14/12/2018 00:00:00
2018,Alita: Battle Angel,21/12/2018 00:00:00
2018,Call Me by Your Name,21/12/2018 00:00:00
2018,Marshall,21/12/2018 00:00:00
2018,Mary Queen Of Scots,21/12/2018 00:00:00
2018,"Roman J. Israel, Esq.",21/12/2018 00:00:00
2018,Sherlock Gnomes,24/12/2018 00:00:00
2018, Life of the Party,28/12/2018 00:00:00
2018,All Nighter,28/12/2018 00:00:00
2018,Black Butterfly,28/12/2018 00:00:00
2018,Breaking And Exiting,28/12/2018 00:00:00
2018,Bumblebee,28/12/2018 00:00:00
2018,Colette,28/12/2018 00:00:00
2018,Dear Dictator,28/12/2018 00:00:00
2018,Disobedience,28/12/2018 00:00:00
2018,"Extremely Wicked, Shockingly Evil and Vile",28/12/2018 00:00:00
2018,Gandhi Memorabilia,28/12/2018 00:00:00
2018,He's Out There,28/12/2018 00:00:00
2018,I Kill Giants,28/12/2018 00:00:00
2018,"I, Tonya",28/12/2018 00:00:00
2018,Kings,28/12/2018 00:00:00
2018,Mary Poppins Returns,28/12/2018 00:00:00
2018,Mudbound,28/12/2018 00:00:00
2018,Phoenix Forgotten,28/12/2018 00:00:00
2018,Siberia,28/12/2018 00:00:00
2018,Snatched,28/12/2018 00:00:00
2018,Swords and Sceptres,28/12/2018 00:00:00
2018,The Disaster Artist,28/12/2018 00:00:00
2018,The Extraordinary Journey of the Fakir,28/12/2018 00:00:00
2018,The House of Tomorrow,28/12/2018 00:00:00
2018,The Little Stranger,28/12/2018 00:00:00
2018,The Ottoman Lieutenant,28/12/2018 00:00:00
2018,The Shack,28/12/2018 00:00:00
2018,The Shadow Within,28/12/2018 00:00:00
2018,The Star,28/12/2018 00:00:00
2018,The Wall,28/12/2018 00:00:00
2018,Tully,28/12/2018 00:00:00
2018,War On Everyone,28/12/2018 00:00:00
2018,We Didn't Kill Mia,28/12/2018 00:00:00
2018,Winchester,28/12/2018 00:00:00
2018,Sheene,30/12/2018 00:00:00
2018,A Kid Like Jake,31/12/2018 00:00:00
2018,A Wrinkle in Time,31/12/2018 00:00:00
2018,Annihilation,31/12/2018 00:00:00
2018,Battle Of The Sexes,31/12/2018 00:00:00
2018,Blockers,31/12/2018 00:00:00
2018,Crooked House,31/12/2018 00:00:00
2018,Definition of Fear,31/12/2018 00:00:00
2018,Extinction,31/12/2018 00:00:00
2018,Father Figures,31/12/2018 00:00:00
2018,Fifty Shades Darker,31/12/2018 00:00:00
2018,God Particle,31/12/2018 00:00:00
2018,Gotti,31/12/2018 00:00:00
2018,Hotel Mumbai,31/12/2018 00:00:00
2018,Polaroid,31/12/2018 00:00:00
2018,Proud Mary,31/12/2018 00:00:00
2018,Superfly,31/12/2018 00:00:00
2018,Terminal,31/12/2018 00:00:00
2018,The Current War,31/12/2018 00:00:00
2018,The Little Mermaid,31/12/2018 00:00:00
2018,Upgrade,31/12/2018 00:00:00
2018,Wingmen,31/12/2018 00:00:00
